#⃣	Teclas: #|Teclas
*⃣	Teclas: *|Teclas
0⃣	tecla mayús: 0|0|cero|tecla mayús
1⃣	tecla mayús: 1|1|tecla mayús|uno
2⃣	tecla mayús: 2|2|dos|tecla mayús
3⃣	tecla mayús: 3|3|tecla mayús|tres
4⃣	tecla mayús: 4|4|cuatro|tecla mayús
5⃣	tecla mayús: 5|5|cinco|tecla mayús
6⃣	tecla mayús: 6|6|seis|tecla mayús
7⃣	tecla mayús: 7|7|siete|tecla mayús
8⃣	tecla mayús: 8|8|ocho|tecla mayús
9⃣	tecla mayús: 9|9|nueve|tecla mayús
‐	guion
–	guion corto|guion
—	raya|guion largo
―	barra horizontal|barra|guion|línea
‘	apóstrofe izquierdo|apóstrofe|comillas|comillas simples
’	apóstrofo derecho|apóstrofe|comillas|comillas simples
‚	apóstrofe derecho bajo|apóstrofo|comillas|comillas bajas
“	comillas dobles izquierdas|comillas|comillas de apertura|comillas dobles
”	comillas dobles derechas|comillas|comillas alemanas|comillas de cierre|comillas dobles
„	comillas dobles derechas bajas|comillas|comillas alemanas|comillas de apertura|comillas dobles
†	signo de daga|daga|obelisco
‡	signo de daga doble|daga|doble|obelisco
•	viñeta|punto
…	puntos suspensivos|elipsis|omisión
‧	punto de unión con guion|guion|punto
‰	por mil|tanto por mil
′	prima
″	doble prima|prima
‴	triple prima|prima
‸	intercalación|caret
※	marca de referencia|asterisco japonés|omejirushi
‼	exclamación doble|exclamación|puntuacion|puntuación|signo
‽	exclarrogativo|interrobang
‾	línea superpuesta|superposición|vinculum
⁂	asterismo|estrellas|tres asteriscos
⁄	barra de fracción|fracción|trazo
⁉	exclamación e interrogación|!|!?|?|exclamación|interrogación|pregunta|símbolo
⁻	menos en superíndice|menos|superíndice
₡	colón costarricense
₢	cruceiro|BRB|divisa
₣	franco francés|divisa|franco|FRF
₤	lira|divisa
₥	mill|mil
₦	naira nigeriano
₧	peseta española
₨	rupia|divisa
₩	won|KPW|KRW
₪	nuevo séquel israelí
₫	dong vietnamita
€	euro|divisa|EUR|moneda
₭	kip laosiano
₮	tugrik mongol
₰	penique alemán|divisa|penique|pfennig
₱	peso
₲	guaraní paraguayo
₳	austral|ARA|divisa
₴	grivna ucraniana
₵	cedi ghanés
₶	libra tornesa|divisa
₷	spesmilo|divisa
₸	tenge kazajo
₹	rupia india|divisa|moneda|rupia
₺	lira turca
₼	manat azerbaiyano
₽	rublo|divisa|moneda
₾	lari georgiano
₿	bitcoin|bitcóin|BTC
℗	copyright de grabación de sonido|copyright|grabación|sonido
™	marca comercial|marca|registrada|signo|signo de marca comercial|símbolo|símbolo de marca comercial|símbolo de marca registrada|trademark
ℹ	información|i|oficina|símbolo
←	flecha apuntando hacia la izquierda|apuntar|flecha|hacia la izquierda|izquierda
↑	flecha apuntando hacia arriba|apuntar|arriba|flecha|hacia arriba
→	flecha apuntando hacia la derecha|apuntar|derecha|flecha|hacia la derecha
↓	flecha apuntando hacia abajo|abajo|apuntar|flecha|hacia abajo
↔	flecha izquierda y derecha|derecha|dirección|flecha|izquierda
↕	flecha arriba y abajo|abajo|arriba|flecha
↖	flecha hacia la esquina superior izquierda|arriba|flecha|flecha esquina izquierda|flecha hacia esquina izquierda arriba|izquierda|noroeste
↗	flecha hacia la esquina superior derecha|arriba|derecha|dirección|flecha esquina derecha|flecha hacia esquina derecha arriba|noreste
↘	flecha hacia la esquina inferior derecha|abajo|derecha|flecha|flecha esquina derecha|flecha hacia esquina derecha abajo|sudeste
↙	flecha hacia la esquina inferior izquierda|abajo|flecha|flecha esquina izquierda|flecha hacia esquina izquierda abajo|izquierda|suroeste
↚	flecha hacia la izquierda tachada|flecha|izquierda|tachada
↛	flecha hacia la derecha tachada|derecha|flecha|tachada
↜	flecha de onda hacia la izquierda|flecha|izquierda|onda
↝	flecha de onda hacia la derecha|derecha|flecha|onda
↞	flecha de doble punta hacia la izquierda|doble|flecha|izquierda|punta
↟	flecha de doble punta hacia arriba|arriba|doble|flecha|punta
↠	flecha de doble punta hacia la derecha|derecha|doble|flecha|punta
↡	flecha de doble punta hacia abajo|abajo|doble|flecha|punta
↢	flecha hacia la izquierda con cola|cola|flecha|izquierda
↣	flecha hacia la derecha con cola|cola|derecha|flecha
↤	flecha hacia la izquierda desde barra|barra|flecha|izquierda
↥	flecha hacia arriba desde barra|arriba|barra|flecha
↦	flecha hacia la derecha desde barra|barra|derecha|flecha
↧	flecha hacia abajo desde barra|abajo|barra|flecha
↨	flecha arriba abajo con base|abajo|arriba|base|flecha
↩	flecha derecha curvándose a la izquierda|curva|dirección|flecha|izquierda
↪	flecha izquierda curvándose a la derecha|curva|derecha|dirección|flecha
↫	flecha hacia la izquierda con bucle|bucle|flecha|izquierda
↬	flecha hacia la derecha con bucle|bucle|derecha|flecha
↭	flecha de onda hacia la izquierda y la derecha|derecha|flecha|izquierda|onda
↮	flecha hacia la izquierda y la derecha tachada|derecha|flecha|izquierda|tachada
↯	flecha en zigzag hacia abajo|abajo|flecha|zigzag
↰	flecha hacia arriba con punta hacia la izquierda|arriba|flecha|izquierda|punta
↱	flecha hacia arriba con punta hacia la derecha|arriba|derecha|flecha|punta
↲	flecha hacia abajo con punta hacia la izquierda|abajo|flecha|izquierda|punta
↳	flecha hacia abajo con punta hacia la derecha|abajo|derecha|flecha|punta
↴	flecha hacia abajo con punta hacia la esquina derecha
↵	flecha hacia abajo con punta hacia la esquina izquierda
↶	flecha en semicírculo superior hacia la izquierda|flecha|izquierda|semicírculo|superior
↷	flecha en semicírculo superior hacia la derecha|derecha|flecha|semicírculo|superior
↸	flecha hacia noroeste con barra
↹	flecha hacia la izquierda con barra sobre flecha hacia la derecha con barra|barra|derecha|flecha|izquierda|sobre
↺	círculo abierto con flecha en sentido antihorario|abierto|antihorario|círculo|flecha|sentido
↻	círculo abierto con flecha en sentido horario|abierto|círculo|flecha|horario|sentido
↼	arpón hacia la izquierda con la punta hacia arriba|arpón|arriba|izquierda|punta
↽	arpón hacia la izquierda con la punta hacia abajo|abajo|arpón|izquierda|punta
↾	arpón hacia arriba con la punta hacia la derecha|arpón hacia arriba con flecha a la derecha|punta
↿	arpón hacia arriba con la punta hacia la izquierda|arpón hacia arriba con flecha a la izquierda|punta
⇀	arpón hacia la derecha con flecha por arriba|punta
⇁	arpón hacia la derecha con flecha por debajo|punta
⇂	arpón hacia abajo con la punta hacia la derecha|abajo|arpón|derecha|punta
⇃	arpón hacia abajo con la punta hacia la izquierda|abajo|arpón|izquierda|punta
⇄	flecha a la derecha sobre flecha a la izquierda
⇅	flecha doble hacia arriba y abajo|abajo|apuntar|arriba|flecha|hacia abajo|hacia arriba
⇆	flecha doble hacia la izquierda y derecha|apuntar|derecha|flecha|hacia la derecha|hacia la izquierda|izquierda
⇇	par de flechas hacia la izquierda
⇈	par de flechas hacia arriba
⇉	par de flechas hacia la derecha
⇊	par de flechas hacia abajo
⇋	arpón a la izquierda sobre arpón a la derecha
⇌	arpón a la derecha sobre arpón a la izquierda
⇍	flecha doble hacia la izquierda tachada|doble|flecha|izquierda|tachada
⇎	flecha doble hacia la izquierda y la derecha tachada|derecha|doble|flecha|izquierda|tachada
⇏	flecha doble hacia la derecha tachada|derecha|doble|flecha|tachada
⇐	flecha doble hacia la izquierda|doble|flecha|izquierda
⇑	flecha doble hacia arriba|arriba|doble|flecha
⇒	flecha doble hacia la derecha|derecha|doble|flecha
⇓	flecha doble hacia abajo|abajo|doble|flecha
⇔	flecha doble hacia la izquierda y la derecha|derecha|doble|flecha|izquierda
⇖	flecha doble hacia el noroeste|doble|flecha|noroeste
⇗	flecha doble hacia el nordeste|doble|flecha|nordeste
⇘	flecha doble hacia sudeste|doble|flecha|sudeste
⇙	flecha doble hacia el sudoeste|doble|flecha|sudoeste
⇚	flecha triple hacia la izquierda|flecha|izquierda|triple
⇛	flecha triple hacia la derecha|derecha|flecha|triple
⇜	flecha ondulada hacia la izquierda|flecha|izquierda|ondulada
⇝	flecha ondulada hacia la derecha|derecha|flecha|ondulada
⇞	flecha hacia arriba con doble tachado|arriba|doble|flecha|tachado
⇟	flecha hacia abajo con doble tachado|abajo|doble|flecha|tachado
⇠	flecha discontinua hacia la izquierda|discontinua|flecha|izquierda
⇡	flecha discontinua hacia arriba|arriba|discontinua|flecha
⇢	flecha discontinua hacia la derecha|derecha|discontinua|flecha
⇣	flecha discontinua hacia abajo|abajo|discontinua|flecha
⇤	flecha hacia la izquierda con barra|barra|flecha|izquierda
⇥	flecha hacia la derecha con barra|barra|derecha|flecha
⇦	flecha hueca hacia la izquierda|flecha|hueca|izquierda
⇧	flecha hueca hacia arriba|arriba|flecha|hueca
⇨	flecha hueca hacia la derecha|derecha|flecha|hueca
⇩	flecha hueca hacia abajo|abajo|flecha|hueca
⇪	flecha hueca hacia arriba desde barra|arriba|barra|flecha|hueca
⇵	flecha hacia abajo a la izquierda de flecha hacia arriba|abajo|arriba|flecha|izquierda
∀	para todo|cualquiera|todo|universal
∂	derivada parcial|diferencial
∃	existe
∅	conjunto vacío|matemáticas
∆	incremento|triángulo
∇	nabla|triángulo
∈	elemento de|conjunto|contiene|elemento|miembro
∉	no es un elemento de
∋	es un elemento de
∎	fin de la prueba|c. q. d.|LQQD|QED
∏	producto n-ario|lógica|producto
∑	sumativa n-aria|matemáticas|sumativa
−	signo menos|menos|resta|restar
∓	menos-más
∕	barra de división|barra|trazo
∗	operador de asterisco|asterisco
∘	operador de anillo|grado|o volada
∙	operador de bolo|bolo
√	raíz cuadrada|base|cuadrada|radical|raíz|sordo
∝	proporcional|proporcionalidad
∞	signo de infinito|infinito
∟	ángulo recto|matemáticas
∠	ángulo agudo|matemáticas
∣	divide|divisor
∥	paralelo
∧	y lógica|circunflejo|cuña
∩	intersección|conjunto
∪	unión|colección|conjunto
∫	integral|cálculo
∬	doble integral|cálculo
∮	integral de contorno
∴	por lo tanto
∵	porque|lógica
∶	ratio
∷	proporción|proporcionalidad
∼	operador de virgulilla|operador|tilde
∽	virgulilla inversa|tilde inversa
∾	s invertida horizontal
≃	asintóticamente igual a|asíntota|matemáticas
≅	aproximadamente igual a|congruencia|igualdad|isomorfismo|matemáticas
≈	casi igual|aproximación|aproximado|casi igual a
≌	todo igual|igualdad|matemáticas
≒	aproximadamente igual o la imagen de|aproximadamente|igual|imagen
≖	anillo en igual a|igualdad|matemáticas
≠	no igual|inecuación|inecualidad|no igual a
≡	equivalente a|equivalente|exacto|idéntico|menú de hamburguesa|triple
≣	estrictamente equivalente|igualdad|matemáticas
≤	menor o igual que|igual|igual a|inecualidad|menor que
≥	mayor o igual que|igual|igual a|inecualidad|mayor que
≦	menor que sobre igual|desigualdad|matemáticas
≧	mayor que sobre igual|desigualdad|matemáticas
≪	mucho menor que|desigualdad|matemáticas
≫	mucho mayor que|desigualdad|matemáticas|mayor que|mucho
≬	entre
≮	no menor que|desigualdad|matemáticas
≯	no mayor que|desigualdad|matemáticas
≳	equivalente mayor que|desigualdad|matemáticas
≺	precede|matemáticas
≻	sucede|matemáticas
⊁	no sucede|matemáticas
⊂	subconjunto de|conjunto|subconjunto
⊃	superconjunto de|matemáticas
⊆	subconjunto igual a|igual|subconjunto
⊇	superconjunto igual a|igual|igualdad|matemáticas|superconjunto
⊕	más dentro de círculo|más
⊖	menos dentro de círculo|diferencia simétrica|erosión
⊗	por dentro de círculo|producto tensorial
⊘	barra de división dentro de círculo|matemáticas
⊙	operador de punto dentro de círculo|operador|XNOR
⊚	operador de anillo dentro de círculo|anillo|círculo|operador
⊛	operador de asterisco dentro de círculo|asterisco|operador
⊞	más dentro de cuadrado|matemáticas
⊟	menos dentro de cuadrado|matemáticas
⊥	tachuela hacia arriba|contradicción|falsum
⊮	no fuerza|fuerza|no
⊰	precede en relación|precede
⊱	sucede en relación|matemáticas
⊶	original
⊹	matriz conjugada hermitiana|matemáticas|matriz autoadjunta|matriz cuadrada|matriz hermítica
⊿	triángulo rectángulo|matemáticas
⋁	o lógico n-ario
⋂	intersección n-aria|intersección|matemáticas
⋃	unión n-aria|matemáticas|unión
⋅	operador de punto|operador
⋆	operador de estrella|operador
⋈	unión natural|operador binario|pajarita
⋒	doble intersección|intersección|matemáticas
⋘	mucho mucho menor que|desigualdad|matemáticas
⋙	mucho mucho mayor que|desigualdad|matemáticas
⋭	no contiene como subgrupo normal o igual a|matemáticas|teoría de grupos
⋮	elipsis vertical|elipsis|matemáticas|operador
⋯	elipsis horizontal de línea media|elipsis|matemáticas
⋰	elipsis en diagonal hacia la derecha|elipsis|matemáticas
⋱	elipsis en diagonal hacia la izquierda|elipsis|matemáticas
⌚	reloj|tiempo
⌛	reloj de arena sin tiempo|arena|reloj|reloj de arena|temporizador|tiempo
⌨	teclado|accesorio|computadora|ordenador|pc
⏏	expulsar|botón|música
⏩	avance rápido|adelantar|avance|botón|flecha|música|rápido
⏪	retroceso rápido|atrás|botón|flecha|flecha doble a la izquierda|izquierda|música|rápido|rebobinado|retroceso
⏫	triángulo doble hacia arriba|arriba|flecha|flecha doble hacia arriba
⏬	triángulo doble hacia abajo|abajo|bajar|botón|doble|flecha|flecha doble hacia abajo
⏭	avanzar a la pista siguiente|adelantar|avanzar|botón|derecha|música|pista siguiente|siguiente|triángulo
⏮	última pista|anterior|botón|música|pista anterior|triángulo
⏯	pausar o reproducir|botón|música|pausa|reproducir|reproducir o pausa|triángulo|video
⏰	reloj despertador|alarma|despertador|esperar|reloj|reloj de alarma|tiempo
⏱	cronómetro|esperando|esperar|reloj|segundos|tiempo
⏲	temporizador|reloj|segundos|tiempo
⏳	reloj de arena con tiempo|arena|espera|inicio reloj de arena|reloj|reloj con arena cayendo|temporizador|tiempo
⏸	pausa|barras|botón|música|pausar|verticales
⏹	detener|botón|cuadrado|música|parar|stop
⏺	grabar|botón|círculo|música|punto
Ⓜ	letra m en un círculo|círculo|letra|m|M|m en círculo|metro
■	cuadrado relleno|cuadrado|relleno
□	cuadrado hueco|cuadrado|hueco
▢	cuadrado hueco con esquinas redondeadas|cuadrado|esquinas|hueco|redondeadas
▣	cuadrado hueco con cuadrado relleno dentro|cuadrado|dentro|hueco|relleno
▤	cuadrado con relleno de rayas horizontales|cuadrado|horizontales|rayas|relleno
▥	cuadrado con relleno de rayas verticales|cuadrado|rayas|relleno|verticales
▦	cuadrado con relleno de cuadrícula ortogonal|cuadrado|cuadrícula|ortogonal|relleno
▧	cuadrado con relleno de rayas desde arriba a la izquierda hasta abajo a la derecha|abajo|arriba|cuadrado|derecha|izquierda|rayas|relleno
▨	cuadrado con relleno de rayas desde arriba a la derecha hasta abajo a la izquierda|abajo|arriba|cuadrado|derecha|izquierda|rayas|relleno
▩	cuadrado con relleno de cuadrícula en diagonal|cuadrado|cuadrícula|diagonal|relleno
▪	cuadrado negro pequeño|cuadrado|negro
▫	cuadrado blanco pequeño|blanco|cuadrado
▬	rectángulo relleno|rectángulo|relleno
▭	rectángulo hueco|hueco|rectángulo
▮	rectángulo vertical relleno|rectángulo|relleno|vertical
▰	paralelogramo relleno|paralelogramo|relleno
▲	triángulo relleno apuntando hacia arriba|arriba|flecha|hacia arriba|relleno|triángulo
△	triángulo hueco que apunta hacia arriba|apunta|arriba|hueco|triángulo
▴	triángulo pequeño relleno que apunta hacia arriba|apunta|arriba|pequeño|relleno|triángulo
▵	triángulo pequeño hueco que apunta hacia arriba|apunta|arriba|hueco|pequeño|triángulo
▶	reproducir|adelante|derecha|flecha
▷	triángulo hueco que apunta hacia la derecha|apunta|derecha|hueco|triángulo
▸	triángulo pequeño relleno que apunta hacia la derecha|apunta|derecha|pequeño|relleno|triángulo
▹	triángulo pequeño hueco que apunta hacia la derecha|apunta|derecha|hueco|pequeño|triángulo
►	puntero relleno que apunta hacia la derecha|apunta|derecha|puntero|relleno
▻	puntero hueco que apunta hacia la derecha|apunta|derecha|hueco|puntero
▼	triángulo relleno apuntando hacia abajo|abajo|flecha|hacia abajo|relleno|triángulo
▽	triángulo hueco que apunta hacia abajo|abajo|apunta|hueco|triángulo
▾	triángulo relleno pequeño que apunta hacia abajo|abajo|apunta|pequeño|relleno|triángulo
▿	triángulo hueco pequeño que apunta hacia abajo|abajo|apunta|hueco|pequeño|triángulo
◀	retroceder|botón|música|retroceso|triángulo
◁	triángulo hueco que apunta hacia la izquierda|apunta|hueco|izquierda|triángulo
◂	triángulo relleno pequeño que apunta hacia la izquierda|apunta|izquierda|pequeño|relleno|triángulo
◃	triángulo hueco pequeño que apunta hacia la izquierda|apunta|hueco|izquierda|pequeño|triángulo
◄	puntero relleno que apunta hacia la izquierda|apunta|izquierda|puntero|relleno
◅	puntero hueco que apunta hacia la izquierda|apunta|hueco|izquierda|puntero
◆	rombo relleno|relleno|rombo
◇	rombo hueco|hueco|rombo
◈	rombo hueco con rombo relleno dentro|dentro|hueco|relleno|rombo
◉	círculo hueco con círculo relleno dentro|círculo punteado|círculo vacío con círculo relleno dentro|círculos concéntricos rellenos|división|ojo de pez
◊	rombo|diamante
○	círculo vacío|anillo|círculo
◌	círculo punteado|círculo|punteado
◍	círculo con relleno vertical|círculo|relleno|vertical
◎	círculos concéntricos|círculo|círculos|concéntricos|diana|doble
●	círculo relleno|círculo
◐	círculo con la mitad izquierda rellena|círculo|izquierda|mitad|rellena
◑	círculo con la mitad derecha rellena|círculo|derecha|mitad|rellena
◒	círculo con la mitad inferior rellena|círculo|inferior|mitad|rellena
◓	círculo con la mitad superior rellena|círculo|mitad|rellena|superior
◔	círculo con el cuadrante superior derecho relleno|círculo|cuadrante|derecho|relleno|superior
◕	círculo relleno excepto el cuadrante superior izquierdo|círculo|cuadrante|excepto|izquierdo|relleno|superior
◖	semicírculo izquierdo relleno|izquierdo|relleno|semicírculo
◗	semicírculo derecho relleno|derecho|relleno|semicírculo
◘	viñeta invertida
◙	cuadrado relleno con círculo vacío dentro|círculo vacío invertido
◜	arco de cuadrante superior izquierdo
◝	arco de cuadrante superior derecho
◞	arco de cuadrante inferior derecho
◟	arco de cuadrante inferior izquierdo
◠	semicírculo superior|semicírculo|superior
◡	semicírculo inferior|inferior|semicírculo
◢	triángulo inferior derecho relleno|derecho|inferior|relleno|triángulo
◣	triángulo inferior izquierdo relleno|inferior|izquierdo|relleno|triángulo
◤	triángulo superior izquierdo relleno|izquierdo|relleno|superior|triángulo
◥	triángulo superior derecho relleno|derecho|relleno|superior|triángulo
◦	bolo hueco|bolo|hueco
◯	círculo vacío grande|anillo|círculo
◳	cuadrante superior derecho en cuadrado hueco|cuadrado|cuadrante|derecho|hueco|superior
◷	cuadrante superior derecho en círculo hueco|círculo|cuadrante|derecho|hueco|superior
◻	cuadrado blanco mediano|blanco|cuadrado|vacío
◼	cuadrado negro mediano|cuadrado|mediano|negro
◽	cuadrado blanco mediano-pequeño|blanco|cuadrado|geometría|mediano|pequeño
◾	cuadrado negro mediano-pequeño|cuadrado|geometría|mediano|negro|pequeño
◿	triángulo inferior derecho|derecho|inferior|triángulo
☀	sol|calor|encendido|espacio|estrella|luz|rayos|soleado
☁	nube|clima|nublado|tiempo
☂	paraguas abierto|accesorio|clima|lluvia|paraguas|tiempo
☃	muñeco de nieve nevado|clima|frío|hombre de nieve|invierno|muñeco|muñeco de nieve|nieve
☄	meteorito|cometa|espacio|estela|estrella|rojo
☎	teléfono de línea|agenda|cables|línea|llamar|teléfono
☑	casilla seleccionada|✓|aprobar|casilla|casilla con marca de verificación|check|listo|marca|selección|verificación|verificación en un recuadro
☔	paraguas con gotas|accesorio|clima|gotas|llover|lluvia|paraguas|paraguas con gotas lluvia|sombrilla|tiempo
☕	bebida caliente|bebida|café|caliente|taza|té
☘	trébol|4|cuatro|irlanda|planta|suerte
☝	dedo índice hacia arriba|arriba|dedo|índice|índice apuntando hacia arriba|índice hacia arriba palma|mano|palma de mano
☠	calavera|cara|huesos|mal|muerte
☢	radiactivo|radioactividad|radioactivo|zona de radiación
☣	peligro biológico|biológico|peligro|riesgo biológico|señal|señal de peligro
☦	cruz ortodoxa|cristianismo|cruz|iglesia ortodoxa|ortodoxa|religión
☪	estrella y creciente|estrella|islam|luna|luna creciente y estrella|media luna y estrella|religión
☮	símbolo de la paz|amor|paz|paz y amor
☯	yin yang|religión|taoísmo|yang|yin
☸	dharma|budismo|religión|rueda|rueda del dharma
☹	cara con el ceño fruncido|cara|cara muy triste|ceño fruncido|triste
☺	cara sonriente|cara|cara feliz|emoticono|relajado|sonriente|sonrisa|sonrisa tímida
♀	signo femenino|mujer|signo|símbolo
♂	signo masculino|hombre|signo|símbolo
♈	Aries|carnero|horóscopo|zodíaco
♉	Tauro|buey|horóscopo|toro|zodíaco
♊	Géminis|horóscopo|mellizos|zodíaco
♋	Cáncer|cangrejo|horóscopo|zodíaco
♌	Leo|horóscopo|león|zodíaco
♍	Virgo|horóscopo|virgen|zodíaco
♎	Libra|balanza|horóscopo|justicia|zodíaco
♏	Escorpio|escorpión|horóscopo|zodíaco
♐	Sagitario|arquero|horóscopo|zodíaco
♑	Capricornio|cabra|horóscopo|zodíaco
♒	Acuario|agua|horóscopo|zodíaco
♓	Piscis|horóscopo|pez|zodíaco
♟	peón de ajedrez|ajedrez|peón
♠	picas|carta|cartas|juego|juegos|naipes|palo|palo de pica|palos|pica
♣	tréboles|carta|cartas|casino|juego|juegos|naipes|palo|palo de trébol|palos|trébol
♥	corazones|carta|cartas|corazón|juego|juegos|naipes|palo|palo de corazón|palos
♦	diamantes|carta|cartas|diamante|juego|juegos|naipes|palos
♨	aguas termales|aguas|caliente|fuentes termales|termales|termas|vapor
♪	corchea|música|nota
♭	bemol|música|nota
♯	sostenido|diesis|música|nota
♻	símbolo de reciclaje|reciclaje|reciclar|señal|símbolo universal de reciclaje sólido|universal
♾	infinito|ilimitado|siempre|universal
♿	acceso para silla de ruedas|acceso|acceso para sillas de ruedas|minusválidos|señal|silla de ruedas|símbolo de silla de ruedas
⚒	martillo y pico|herramienta|herramientas|martillo|pico
⚓	ancla|barco|bote|capitán|gancho|mar|marinero|navegación|puerto marítimo
⚔	espadas cruzadas|arma|armas|cruzadas|espadas
⚕	símbolo de medicina|esculapio|farmacia|medicina|médicos|símbolo|símbolo de la medicina
⚖	balanza|justicia|libra|peso|zodiaco
⚗	alambique|destilar|herramienta|química
⚙	engranaje|ajustes|configuración|herramienta|rodamiento|rodillo
⚛	símbolo de átomo|ateo|átomo|símbolo|símbolo atómico
⚜	flor de lis|flor|lis
⚠	advertencia|cuidado|señal
⚡	alto voltaje|alto|electricidad|peligro|peligro de alto voltaje|rayo|señal|señal de alto voltaje|tensión|trueno|voltaje
⚧	símbolo de transgénero|transgénero
⚪	círculo blanco|blanco|punto blanco
⚫	círculo negro|negro|punto
⚰	ataúd|muerte|vampiro
⚱	urna funeraria|cenizas|funeral|funeraria|muerte|urna
⚽	pelota de fútbol|balón|balón de fútbol|fútbol|pelota
⚾	pelota de béisbol|balón|baseball|béisbol|pelota
⛄	muñeco de nieve|clima|frío|hombre de nieve|invierno|muñeco|nieve
⛅	parcialmente nublado|clima|nube|nubes|nublado|sol|sol con nubes|sol tras nubes|soleado|tiempo
⛈	tormenta|clima|lluvia|nube|nube con rayo y lluvia|rayo|tiempo|trueno
⛎	Ofiuco|serpiente|zodíaco
⛏	pico|herramienta|mina|mineria|minería
⛑	casco con cruz blanca|ayuda|casco|casco con cruz|casco de rescatista|cruz|sombrero
⛓	cadenas|cadena
⛓‍💥	cadena rota|esposas|libertad|romper|rotura
⛔	prohibido entrar|dirección prohibida|entrar|no|pasar|prohibida la entrada|prohibido|señal|señal de prohibido
⛩	santuario sintoísta|edificio|japón|Japón|jinja|religión|santuario|santuario japonés|shinto
⛪	iglesia|bendecido|capilla|cristianismo|cruz|edificio|religión
⛰	montañas|montaña|monte|naturaleza
⛱	sombrilla en la arena|arena|playa|sol|sombrilla|verano
⛲	fuente|agua
⛳	banderín en hoyo|agujero|banderín de golf|banderín en agujero|deporte|golf|juego
⛴	transbordador|barco|bote|capitán|crucero|ferri|ferry|mar|marinero
⛵	velero|barco|barco de vela|bote|capitan|centro turístico|mar|marinero
⛷	persona esquiando|deporte|esquí|nieve|ski
⛸	patinaje sobre hielo|deporte|hielo|patín|patín de hielo|patinaje
⛹	persona con una pelota|baloncesto|basketball|básquet|basquetbolista|botar|deporte|jugador|persona jugando baloncesto|persona jugando básquet
⛹‍♀	mujer botando un balón|baloncesto|basketball|básquet|basquetbolista|botar|deporte|jugador|mujer con una pelota|mujer jugando baloncesto|mujer jugando básquet
⛹‍♂	hombre botando un balón|baloncesto|basketball|básquet|basquetbolista|botar|deporte|hombre con una pelota|hombre jugando baloncesto|hombre jugando básquet|jugador
⛺	carpa|acampar|campamento|camping|tienda de campaña|vacaciones
⛽	estación de gasolina|bomba de gasolina|combustible|dispensador|estación|gasolina|gasolinera|nafta|repostar|servicio|surtidor
✂	tijeras|cortar|herramienta|peluqueria|recortar
✅	botón de marca de verificación|✓|botón|marca|selección|verificación
✈	avión|aeropuerto|aire|jet|vehículo|viajar|viaje|volar
✉	sobre|carta|correo
✊	puño levantado|levantar el puño|mano|mano cerrada|piedra|puñetazo|puño|puño cerrado|puño en alto
✋	mano levantada|alto|cinco dedos|levantar la mano|mano|mano abierta|mano en alto|palma|palma de mano|papel|stop
✌	gesto de victoria|amor y paz|dedos|mano con señal de victoria|paz|tijera|v|V|victoria
✍	mano escribiendo|escribir|escribir a mano|lápiz|mano|mano con lápiz|nota|trabajo
✏	lápiz|escolar|escribir|lapicero|útil
✒	lapicera de pluma|bolígrafo|escribir|lapicera|nota|pluma|pluma negra|tinta
✔	marca de verificación grande|✓|check|listo|marca|marca de verificación|marca de verificación negra|selección|verficación|verificación|verificar
✖	multiplicación|mutliplicación|x|X de multiplicación
✝	cruz latina|cristianismo|cristiano|cruz|iglesia|religión
✡	estrella de David|david|estrella|estrella de david|judaísmo|religión
✨	chispas|bengala|brillar|brillo|estrella|estrellas|estrellas centelleantes|magia
✳	asterisco de ocho puntas|*|asterisco
✴	estrella de ocho puntas|*|estrella
❄	copo de nieve|clima|frío|nieve|tiempo
❇	chispa|*
❌	cruz|×|cancelar|marca de cruz|marca de tachado|tachar|x
❎	cruz con recuadro|×|botón con marca de cruz|casilla|cruz|equis|marca|marca de tachar|verde|x|X|X en un recuadro
❓	signo de interrogación|?|interrogación|interrogación roja|pregunta|puntuación
❔	signo de interrogación gris|?|interrogación|interrogación blanca|pregunta|puntuación
❕	signo de exclamación gris|!|exclamación|exclamación blanca|puntuación|signo|sorpresa
❗	signo de exclamación|!|exclamación|exclamación roja|puntuación
❣	exclamación con forma de corazón|corazón|exclamación|puntuación
❤	corazón rojo|amor|azul|corazón|emoción|pica
❤‍🔥	corazón en llamas|amor|corazón|fuego|llamas|lujuria|pasión
❤‍🩹	corazón vendado|bien|curarse|mejor|mejorar|recuperación|salud
➕	suma|más|positivo|signo
➖	resta|menos|negativo|raya|signo
➗	división|dividir|matemáticas|signo|signo de división
➡	flecha hacia la derecha|adelante|este|flecha derecha|flecha hacia derecha
➰	bucle|giro
➿	bucle doble|bucle|Japón|llamada gratuita
⤴	flecha derecha curvándose hacia arriba|arriba|curva|dirección|flecha
⤵	flecha derecha curvándose hacia abajo|abajo|curva|dirección|flecha
⨧	más subíndice dos|dos|más|subíndice
⨯	producto vectorial|producto cruz
⨼	producto interior|interior|producto
⩣	o lógico sobre doble barra|Disyunción
⩽	menor o igual que con barra inclinada
⪍	menor que sobre igual o similar|igual|menor que|similar|sobre
⪚	doble línea sobre mayor que|desigualdad|matemáticas
⪺	sucede sobre no igual
⬅	flecha hacia la izquierda|flecha|flecha hacia izquierda|izquierda|oeste
⬆	flecha hacia arriba|arriba|flecha arriba|norte|positivo
⬇	flecha hacia abajo|abajo|flecha abajo|hacia abajo|negativo|sur
⬛	cuadrado negro grande|cuadrado|negro
⬜	cuadrado blanco grande|blanco|cuadrado|grande
⭐	estrella|estelar
⭕	círculo rojo hueco|aro|círculo|o|rojo
、	coma ideográfica|coma|ideográfica
。	punto ideográfico|ideográfico|punto|punto final
〈	corchete angular de apertura|abrir corches|antilambda|chevrón|corchete|corchete de apertura|tuple
〉	corchete angular de cierre|antilambda|cerrar corchetes|chevrón|corchete|corchete de cierre|tuple
《	corchete angular doble de apertura|abrir corchetes|antilambda|chevrón|comillas latinas|corchete|corchete de apertura
》	corchete angular doble de cierre|antilambda|cerrar corchetes|chevrón|comillas latinas|corchete|corchete de cierre
「	corchete esquinado de apertura|abrir corchetes|comillas chinas|comillas japonesas|corchete|corchete de apertura
」	corchete esquinado de cierre|cerrar corchetes|comillas chinas|comillas japonesas|corchete|corchete de cierre
『	corchete esquinado de apertura hueco|abrir corchetes|comillas chinas|comillas japonesas|corchete|corchete de apertura
』	corchete esquinado de cierre hueco|cerrar corchetes|comillas chinas|comillas japonesas|corchete|corchete de cierre
【	corchete lenticular de apertura|abrir corchetes|corchete|corchete de apertura|lenticular
】	corchete lenticular de cierre|cerrar corchetes|corchete|corchete de cierre|lenticular
〔	corchete caparazón tortuga de apertura|abrir corchetes|corchete|corchete de apertura|corchete tortuga
〕	corchete caparazón tortuga de cierre|cerrar corchetes|corchete|corchete de cierre|corchete tortuga
〖	corchete lenticular de apertura hueco|abrir corchetes|corchete|corchete de apertura|lenticular
〗	corchete lenticular de cierre hueco|cerrar corchetes|corchete|corchete de cierre|lenticular
〰	línea ondulada|guion|guión|marca de sonido largo|ondulado
〽	alternancia|marca|marca de alternancia
・	punto medio katakana|katakana|punto|punto volado|puntos
㊗	ideograma japonés para "enhorabuena"|enhorabuena|ideograma|japonés|kanji
㊙	ideograma japonés para "secreto"|ideograma|japonés|kanji|secreto
﷼	rial|divisa
🀄	dragón rojo de mahjong|dragón|ficha de mahjong|mahjong|mosaico|rojo
🃏	carta comodín|carta|carta de joker|casino|comodín|joker|naipes|poker
🅰	grupo sanguíneo A|A|grupo|sanguíneo|tipo A
🅱	grupo sanguíneo B|B|grupo|sanguíneo|tipo B
🅾	grupo sanguíneo tipo O|grupo O|O|tipo O
🅿	estacionamiento|aparcamiento|letra|P|parking
🆎	grupo sanguíneo AB|AB|grupo|sanguíneo|tipo AB
🆑	botón CL|borrar|borrar recuadrado|CL|cuadrado|símbolo borrar
🆒	botón COOL|cool|cuadrado|genial|interesante|mola|símbolo interesante
🆓	gratis|cuadrado|free|libre|símbolo gratis
🆔	símbolo de identificación|ID|identidad|símbolo identidad
🆕	botón NEW|botón|NEW|nuevo
🆖	botón NG|NG|no bueno|not good|símbolo no bueno
🆗	botón OK|cuadrado ok|ok|señal ok
🆘	auxilio|ayuda|cuadrado socorro|símbolo|símbolo de socorro|socorro|sos
🆙	botón UP!|cuadrado novedad|novedad|nueva información|símbolo novedad|up
🆚	botón VS|contra|cuadrado versus|frente a|símbolo contra|símbolo frente a|símbolo versus|versus|vs
🇦🇨	Bandera: Isla Ascensión|Bandera
🇦🇩	Bandera: Andorra|Bandera
🇦🇪	Bandera: Emiratos Árabes Unidos|Bandera
🇦🇫	Bandera: Afganistán|Bandera
🇦🇬	Bandera: Antigua y Barbuda|Bandera
🇦🇮	Bandera: Anguila|Bandera
🇦🇱	Bandera: Albania|Bandera
🇦🇲	Bandera: Armenia|Bandera
🇦🇴	Bandera: Angola|Bandera
🇦🇶	Bandera: Antártida|Bandera
🇦🇷	Bandera: Argentina|Bandera
🇦🇸	Bandera: Samoa Americana|Bandera
🇦🇹	Bandera: Austria|Bandera
🇦🇺	Bandera: Australia|Bandera
🇦🇼	Bandera: Aruba|Bandera
🇦🇽	Bandera: Islas Åland|Bandera
🇦🇿	Bandera: Azerbaiyán|Bandera
🇧🇦	Bandera: Bosnia-Herzegovina|Bandera
🇧🇧	Bandera: Barbados|Bandera
🇧🇩	Bandera: Bangladés|Bandera
🇧🇪	Bandera: Bélgica|Bandera
🇧🇫	Bandera: Burkina Faso|Bandera
🇧🇬	Bandera: Bulgaria|Bandera
🇧🇭	Bandera: Baréin|Bandera
🇧🇮	Bandera: Burundi|Bandera
🇧🇯	Bandera: Benín|Bandera
🇧🇱	Bandera: San Bartolomé|Bandera
🇧🇲	Bandera: Bermudas|Bandera
🇧🇳	Bandera: Brunéi|Bandera
🇧🇴	Bandera: Bolivia|Bandera
🇧🇶	Bandera: Caribe neerlandés|Bandera
🇧🇷	Bandera: Brasil|Bandera
🇧🇸	Bandera: Bahamas|Bandera
🇧🇹	Bandera: Bután|Bandera
🇧🇻	Bandera: Isla Bouvet|Bandera
🇧🇼	Bandera: Botsuana|Bandera
🇧🇾	Bandera: Bielorrusia|Bandera
🇧🇿	Bandera: Belice|Bandera
🇨🇦	Bandera: Canadá|Bandera
🇨🇨	Bandera: Islas Cocos|Bandera
🇨🇩	Bandera: República Democrática del Congo|Bandera
🇨🇫	Bandera: República Centroafricana|Bandera
🇨🇬	Bandera: República del Congo|Bandera
🇨🇭	Bandera: Suiza|Bandera
🇨🇮	Bandera: Costa de Marfil|Bandera
🇨🇰	Bandera: Islas Cook|Bandera
🇨🇱	Bandera: Chile|Bandera
🇨🇲	Bandera: Camerún|Bandera
🇨🇳	Bandera: China|Bandera
🇨🇴	Bandera: Colombia|Bandera
🇨🇵	Bandera: Isla Clipperton|Bandera
🇨🇶	Bandera: Sark|Bandera
🇨🇷	Bandera: Costa Rica|Bandera
🇨🇺	Bandera: Cuba|Bandera
🇨🇻	Bandera: Cabo Verde|Bandera
🇨🇼	Bandera: Curazao|Bandera
🇨🇽	Bandera: Isla de Navidad|Bandera
🇨🇾	Bandera: Chipre|Bandera
🇨🇿	Bandera: Chequia|Bandera
🇩🇪	Bandera: Alemania|Bandera
🇩🇬	Bandera: Diego García|Bandera
🇩🇯	Bandera: Yibuti|Bandera
🇩🇰	Bandera: Dinamarca|Bandera
🇩🇲	Bandera: Dominica|Bandera
🇩🇴	Bandera: República Dominicana|Bandera
🇩🇿	Bandera: Argelia|Bandera
🇪🇦	Bandera: Ceuta y Melilla|Bandera
🇪🇨	Bandera: Ecuador|Bandera
🇪🇪	Bandera: Estonia|Bandera
🇪🇬	Bandera: Egipto|Bandera
🇪🇭	Bandera: Sáhara Occidental|Bandera
🇪🇷	Bandera: Eritrea|Bandera
🇪🇸	Bandera: España|Bandera
🇪🇹	Bandera: Etiopía|Bandera
🇪🇺	Bandera: Unión Europea|Bandera
🇫🇮	Bandera: Finlandia|Bandera
🇫🇯	Bandera: Fiyi|Bandera
🇫🇰	Bandera: Islas Malvinas|Bandera
🇫🇲	Bandera: Micronesia|Bandera
🇫🇴	Bandera: Islas Feroe|Bandera
🇫🇷	Bandera: Francia|Bandera
🇬🇦	Bandera: Gabón|Bandera
🇬🇧	Bandera: Reino Unido|Bandera
🇬🇩	Bandera: Granada|Bandera
🇬🇪	Bandera: Georgia|Bandera
🇬🇫	Bandera: Guayana Francesa|Bandera
🇬🇬	Bandera: Guernesey|Bandera
🇬🇭	Bandera: Ghana|Bandera
🇬🇮	Bandera: Gibraltar|Bandera
🇬🇱	Bandera: Groenlandia|Bandera
🇬🇲	Bandera: Gambia|Bandera
🇬🇳	Bandera: Guinea|Bandera
🇬🇵	Bandera: Guadalupe|Bandera
🇬🇶	Bandera: Guinea Ecuatorial|Bandera
🇬🇷	Bandera: Grecia|Bandera
🇬🇸	Bandera: Islas Georgia del Sur y Sándwich del Sur|Bandera
🇬🇹	Bandera: Guatemala|Bandera
🇬🇺	Bandera: Guam|Bandera
🇬🇼	Bandera: Guinea-Bisáu|Bandera
🇬🇾	Bandera: Guyana|Bandera
🇭🇰	Bandera: RAE de Hong Kong (China)|Bandera
🇭🇲	Bandera: Islas Heard y McDonald|Bandera
🇭🇳	Bandera: Honduras|Bandera
🇭🇷	Bandera: Croacia|Bandera
🇭🇹	Bandera: Haití|Bandera
🇭🇺	Bandera: Hungría|Bandera
🇮🇨	Bandera: Islas Canarias|Bandera
🇮🇩	Bandera: Indonesia|Bandera
🇮🇪	Bandera: Irlanda|Bandera
🇮🇱	Bandera: Israel|Bandera
🇮🇲	Bandera: Isla de Man|Bandera
🇮🇳	Bandera: India|Bandera
🇮🇴	Bandera: Territorio Británico del Océano Índico|Bandera
🇮🇶	Bandera: Irak|Bandera
🇮🇷	Bandera: Irán|Bandera
🇮🇸	Bandera: Islandia|Bandera
🇮🇹	Bandera: Italia|Bandera
🇯🇪	Bandera: Jersey|Bandera
🇯🇲	Bandera: Jamaica|Bandera
🇯🇴	Bandera: Jordania|Bandera
🇯🇵	Bandera: Japón|Bandera
🇰🇪	Bandera: Kenia|Bandera
🇰🇬	Bandera: Kirguistán|Bandera
🇰🇭	Bandera: Camboya|Bandera
🇰🇮	Bandera: Kiribati|Bandera
🇰🇲	Bandera: Comoras|Bandera
🇰🇳	Bandera: San Cristóbal y Nieves|Bandera
🇰🇵	Bandera: Corea del Norte|Bandera
🇰🇷	Bandera: Corea del Sur|Bandera
🇰🇼	Bandera: Kuwait|Bandera
🇰🇾	Bandera: Islas Caimán|Bandera
🇰🇿	Bandera: Kazajistán|Bandera
🇱🇦	Bandera: Laos|Bandera
🇱🇧	Bandera: Líbano|Bandera
🇱🇨	Bandera: Santa Lucía|Bandera
🇱🇮	Bandera: Liechtenstein|Bandera
🇱🇰	Bandera: Sri Lanka|Bandera
🇱🇷	Bandera: Liberia|Bandera
🇱🇸	Bandera: Lesoto|Bandera
🇱🇹	Bandera: Lituania|Bandera
🇱🇺	Bandera: Luxemburgo|Bandera
🇱🇻	Bandera: Letonia|Bandera
🇱🇾	Bandera: Libia|Bandera
🇲🇦	Bandera: Marruecos|Bandera
🇲🇨	Bandera: Mónaco|Bandera
🇲🇩	Bandera: Moldavia|Bandera
🇲🇪	Bandera: Montenegro|Bandera
🇲🇫	Bandera: San Martín|Bandera
🇲🇬	Bandera: Madagascar|Bandera
🇲🇭	Bandera: Islas Marshall|Bandera
🇲🇰	Bandera: Macedonia del Norte|Bandera
🇲🇱	Bandera: Mali|Bandera
🇲🇲	Bandera: Myanmar (Birmania)|Bandera
🇲🇳	Bandera: Mongolia|Bandera
🇲🇴	Bandera: RAE de Macao (China)|Bandera
🇲🇵	Bandera: Islas Marianas del Norte|Bandera
🇲🇶	Bandera: Martinica|Bandera
🇲🇷	Bandera: Mauritania|Bandera
🇲🇸	Bandera: Montserrat|Bandera
🇲🇹	Bandera: Malta|Bandera
🇲🇺	Bandera: Mauricio|Bandera
🇲🇻	Bandera: Maldivas|Bandera
🇲🇼	Bandera: Malaui|Bandera
🇲🇽	Bandera: México|Bandera
🇲🇾	Bandera: Malasia|Bandera
🇲🇿	Bandera: Mozambique|Bandera
🇳🇦	Bandera: Namibia|Bandera
🇳🇨	Bandera: Nueva Caledonia|Bandera
🇳🇪	Bandera: Níger|Bandera
🇳🇫	Bandera: Isla Norfolk|Bandera
🇳🇬	Bandera: Nigeria|Bandera
🇳🇮	Bandera: Nicaragua|Bandera
🇳🇱	Bandera: Países Bajos|Bandera
🇳🇴	Bandera: Noruega|Bandera
🇳🇵	Bandera: Nepal|Bandera
🇳🇷	Bandera: Nauru|Bandera
🇳🇺	Bandera: Niue|Bandera
🇳🇿	Bandera: Nueva Zelanda|Bandera
🇴🇲	Bandera: Omán|Bandera
🇵🇦	Bandera: Panamá|Bandera
🇵🇪	Bandera: Perú|Bandera
🇵🇫	Bandera: Polinesia Francesa|Bandera
🇵🇬	Bandera: Papúa Nueva Guinea|Bandera
🇵🇭	Bandera: Filipinas|Bandera
🇵🇰	Bandera: Pakistán|Bandera
🇵🇱	Bandera: Polonia|Bandera
🇵🇲	Bandera: San Pedro y Miquelón|Bandera
🇵🇳	Bandera: Islas Pitcairn|Bandera
🇵🇷	Bandera: Puerto Rico|Bandera
🇵🇸	Bandera: Territorios Palestinos|Bandera
🇵🇹	Bandera: Portugal|Bandera
🇵🇼	Bandera: Palaos|Bandera
🇵🇾	Bandera: Paraguay|Bandera
🇶🇦	Bandera: Catar|Bandera
🇷🇪	Bandera: Reunión|Bandera
🇷🇴	Bandera: Rumania|Bandera
🇷🇸	Bandera: Serbia|Bandera
🇷🇺	Bandera: Rusia|Bandera
🇷🇼	Bandera: Ruanda|Bandera
🇸🇦	Bandera: Arabia Saudita|Bandera
🇸🇧	Bandera: Islas Salomón|Bandera
🇸🇨	Bandera: Seychelles|Bandera
🇸🇩	Bandera: Sudán|Bandera
🇸🇪	Bandera: Suecia|Bandera
🇸🇬	Bandera: Singapur|Bandera
🇸🇭	Bandera: Santa Elena|Bandera
🇸🇮	Bandera: Eslovenia|Bandera
🇸🇯	Bandera: Svalbard y Jan Mayen|Bandera
🇸🇰	Bandera: Eslovaquia|Bandera
🇸🇱	Bandera: Sierra Leona|Bandera
🇸🇲	Bandera: San Marino|Bandera
🇸🇳	Bandera: Senegal|Bandera
🇸🇴	Bandera: Somalia|Bandera
🇸🇷	Bandera: Surinam|Bandera
🇸🇸	Bandera: Sudán del Sur|Bandera
🇸🇹	Bandera: Santo Tomé y Príncipe|Bandera
🇸🇻	Bandera: El Salvador|Bandera
🇸🇽	Bandera: Sint Maarten|Bandera
🇸🇾	Bandera: Siria|Bandera
🇸🇿	Bandera: Esuatini|Bandera
🇹🇦	Bandera: Tristán de Acuña|Bandera
🇹🇨	Bandera: Islas Turcas y Caicos|Bandera
🇹🇩	Bandera: Chad|Bandera
🇹🇫	Bandera: Territorios Australes Franceses|Bandera
🇹🇬	Bandera: Togo|Bandera
🇹🇭	Bandera: Tailandia|Bandera
🇹🇯	Bandera: Tayikistán|Bandera
🇹🇰	Bandera: Tokelau|Bandera
🇹🇱	Bandera: Timor Oriental|Bandera
🇹🇲	Bandera: Turkmenistán|Bandera
🇹🇳	Bandera: Túnez|Bandera
🇹🇴	Bandera: Tonga|Bandera
🇹🇷	Bandera: Turquía|Bandera
🇹🇹	Bandera: Trinidad y Tobago|Bandera
🇹🇻	Bandera: Tuvalu|Bandera
🇹🇼	Bandera: Taiwán|Bandera
🇹🇿	Bandera: Tanzania|Bandera
🇺🇦	Bandera: Ucrania|Bandera
🇺🇬	Bandera: Uganda|Bandera
🇺🇲	Bandera: Islas Ultramarinas de EE.UU.|Bandera
🇺🇳	Bandera: Naciones Unidas|Bandera
🇺🇸	Bandera: Estados Unidos|Bandera
🇺🇾	Bandera: Uruguay|Bandera
🇺🇿	Bandera: Uzbekistán|Bandera
🇻🇦	Bandera: Ciudad del Vaticano|Bandera
🇻🇨	Bandera: San Vicente y las Granadinas|Bandera
🇻🇪	Bandera: Venezuela|Bandera
🇻🇬	Bandera: Islas Vírgenes Británicas|Bandera
🇻🇮	Bandera: Islas Vírgenes de EE. UU.|Bandera
🇻🇳	Bandera: Vietnam|Bandera
🇻🇺	Bandera: Vanuatu|Bandera
🇼🇫	Bandera: Wallis y Futuna|Bandera
🇼🇸	Bandera: Samoa|Bandera
🇽🇰	Bandera: Kosovo|Bandera
🇾🇪	Bandera: Yemen|Bandera
🇾🇹	Bandera: Mayotte|Bandera
🇿🇦	Bandera: Sudáfrica|Bandera
🇿🇲	Bandera: Zambia|Bandera
🇿🇼	Bandera: Zimbabue|Bandera
🈁	ideograma japonés para "aquí"|“aquí”|japonés|katakana
🈂	ideograma japonés para "de cortesía"|cortesía|japonés|katakana
🈚	ideograma japonés para "gratis"|gratis|ideograma|japonés|kanji
🈯	ideograma japonés para "reservado"|ideograma|japonés|kanji|reservado
🈲	ideograma japonés para "prohibido"|ideograma|japonés|kanji|prohibido
🈳	ideograma japonés para "vacante"|ideograma|japonés|kanji|vacante
🈴	ideograma japonés para "aprobado"|aprobado|ideograma|japonés|kanji
🈵	ideograma japonés para "completo"|completo|ideograma|japonés|kanji|lleno
🈶	ideograma japonés para "de pago"|“de pago”|ideograma|japonés|kanji
🈷	ideograma japonés para "cantidad mensual"|“cantidad mensual”|ideograma|japonés|kanji
🈸	ideograma japonés para "aplicación"|aplicación|ideograma|japonés|kanji
🈹	ideograma japonés para "descuento"|descuento|ideograma|japonés|kanji
🈺	ideograma japonés para "abierto"|abierto|ideograma|japonés|kanji
🉐	ideograma japonés para "ganga"|ganga|ideograma|japonés|kanji
🉑	ideograma japonés para "aceptable"|aceptable|ideograma|japonés|kanji
🌀	ciclón|clima|huracán|mareo|tifón|tornado
🌁	niebla|bruma|montaña|neblina
🌂	paraguas|accesorios|clima|lluvia|lluvioso|paraguas cerrado|sombrilla
🌃	noche estrellada|estrellas|noche|oscuridad
🌄	amanecer en las montañas|amanecer|amanecer tras montañas|atardecer|montaña|salida sol|sol
🌅	amanecer|atardecer|naturaleza|puesta|puesta de sol|salida sol|sol
🌆	ciudad al atardecer|anochecer|atardecer|ciudad|edificios|paisaje|verano
🌇	puesta de sol sobre edificios|amanecer|atardecer|edificios|puesta|puesta de sol|sol
🌈	arcoíris|clima|colores|lluvia
🌉	puente de noche|de noche|noche|puente|puente nocturno
🌊	ola|agua|azul|mar|naturaleza|oceano|océano|ola de mar|ola oceánica|surf
🌋	volcán|erupción|erupción volcánica|fuego|montaña|naturaleza
🌌	Vía Láctea|cielo|espacio|estrellas|galaxia|láctea|vía
🌍	globo terráqueo Europa/África|África|Europa|globo terráqueo mostrando Europa y África|mundo|planeta|Tierra
🌎	globo terráqueo América|América|bola del mundo|esfera terrestre|globo|globo terraqueo|mapa|mundo|planeta|planeta tierra|terráqueo
🌏	globo terráqueo Asia/Oceanía|Asia|Australia|globo terráqueo mostrando Asia y Australia|mundo|planeta|Tierra
🌐	globo terráqueo con meridianos|globo|globo con meridianos|meridianos|mundo|paralelos|terráqueo|Tierra
🌑	luna nueva|clima|espacio|luna|negra|nueva|oscuridad
🌒	luna nueva visible|clima|creciente|cuarto|espacio|luna|luna en cuarto menguante|menguante|nueva|visible
🌓	luna en cuarto creciente|clima|creciente|cuarto|espacio|luna|noche
🌔	luna gibosa creciente|clima|creciente|espacio|gibosa|luna
🌕	luna llena|clima|espacio|llena|luna|plenilunio
🌖	luna gibosa menguante|clima|espacio|gibosa|luna|menguante
🌗	luna en cuarto menguante|clima|cuarto|espacio|luna|menguante
🌘	luna creciente menguante|clima|creciente|luna|menguante
🌙	media luna|clima|creciente|cuarto|espacio|luna
🌚	luna nueva con cara|cara|espacio|luna|nueva
🌛	luna de cuarto creciente con cara|cara|creciente|cuarto|luna|media
🌜	luna de cuarto menguante con cara|cara|cuarto|espacio|luna|menguante|noche|sueno
🌝	luna llena con cara|brillante|brillar|cara de luna|cara luna llena|luna|luna llena
🌞	sol con cara|brillante|calor|cara sol|cara sol brillante|clima|dia|playa|sol|soleado|verano
🌟	estrella brillante|brillante|brillar|estrella|estrella resplandeciente
🌠	estrella fugaz|espacio|estrella|fugaz|lluvia|lluvia de estrellas
🌡	termómetro|calor|clima|fiebre|temperatura|verano
🌤	soleado con nubes|clima|medio nublado|nube|nublado|sol|sol detrás de nube|sol y nube|tiempo
🌥	nublado|clima|nube|sol|sol detrás de nube grande|tiempo
🌦	soleado con lluvia|clima|lluvia|nube|sol|sol detrás de nube con lluvia|tiempo
🌧	lluvia|clima|nube|nube con lluvia|tiempo
🌨	nieve|clima|frío|nube|nube con nieve
🌩	nubes y relámpagos|clima|nube|nube con rayo|nubes|rayo|relampago|relámpagos|trueno
🌪	tornado|clima|nube|torbellino|viento
🌫	neblina|clima|niebla|nieve|nube|tiempo
🌬	cara de viento|cara|clima|nube|soplar|viento
🌭	salchicha|comida|pan|pancho|perrito|perrito caliente|perro caliente
🌮	taco|comida|mexicana|México
🌯	burrito|comer|comida|mexicana|mexicano
🌰	castaña|almendra|castaña de Indias|castaño|fruto seco|frutos secos
🌱	plántula|germinar|hojas|planta|planta joven|plantita|plantón|semilla
🌲	árbol de hoja perenne|árbol|arbol de navidad|árbol hoja perenne|hoja perenne|navidad|perenne|pino|siempreverde
🌳	árbol caducifolio|árbol|bosque|caducas|caducifolio|hojas|naturaleza|verde
🌴	palmera|árbol|árbol de palma|palma|playa|tropical
🌵	cactus|desierto|naturaleza|planta
🌶	pimiento picante|chile|comida|mexico|picante|pimiento|planta
🌷	tulipán|flor|flor de tulipán|naturaleza
🌸	flor de cerezo|cerezo|flor del cerezo|flores|naturaleza|primavera
🌹	rosa|amor|flor de rosa|naturaleza|pasion|rojo
🌺	flor de hibisco|flor|hibisco|naturaleza
🌻	girasol|naturaleza|pipas|planta|semillas|sol
🌼	flor|campo|naturaleza|planta|primavera
🌽	mazorca de maíz|choclo|espiga|espiga de maíz|granja|maíz|mazorca|mijo|planta
🌾	espiga de arroz|arroz|granos|mazorca de arroz|planta
🌿	hierba|hoja|naturaleza|planta
🍀	trébol de cuatro hojas|4|buena suerte|cuatro hojas|irlanda|suerte|trébol
🍁	hoja de arce|árbol|Canadá|hoja|maple|otoño
🍂	hojas caídas|caída hojas|hoja|naturaleza|otoño
🍃	hoja al viento|hoja|hojas|hojas al viento|hojas arrastradas viento|hojas volando|naturaleza|soplar|viento
🍄	champiñón|alucinar|hongo|mario|seta
🍄‍🟫	champiñón marrón|espora|hongo|hongo café|hongo portabello|hongos|ingrediente|seta|trufa
🍅	tomate|comida|ensalada|fruta|vegetal|verdura
🍆	berenjena|fruto|planta|vegetal|verdura
🍇	uvas|fruta|racimo
🍈	melón|fruta
🍉	sandía|comida|fruta|patilla
🍊	mandarina|fruta|naranja|vitamina c
🍋	limón|arbol|cítrico|citrón|fruta
🍋‍🟩	lima|ácido|cítrico|cóctel|fruta|jugo|limón|margarita|refrescante|zumo
🍌	banana|alimento|fruta|mono|planta|plátano|potasio
🍍	piña|ananá|ananás|fruta|planta|tropical
🍎	manzana roja|comida|fruta|manzana|poma|roja
🍏	manzana verde|fruta|manzana|poma|verde
🍐	pera|alimento|fruta|perilla
🍑	durazno|fruta|melocotón
🍒	cerezas|cereza|fruta|guindas|planta
🍓	fresa|comida|fresón|fruta|frutilla|planta
🍔	hamburguesa|burger|comer|comida rápida
🍕	pizza|alimentos|comer|comida|hambre|italia|peperoni|porción|porción de pizza|queso|restaurante
🍖	carne con hueso|carne|cena|comida|hueso|muslo de pollo|restaurante
🍗	pata de pollo|cena|comida|muslo|muslo de pollo|pata|pavo|pollo|restaurante
🍘	galleta de arroz|arroz|galleta
🍙	bola de arroz|arroz|comida|japonesa|onigiri|restaurante
🍚	arroz cocido|arroz|china|comida|japonesa|restaurante
🍛	arroz con curry|arroz|comida|curry|restaurante
🍜	tazón de fideos|bol de fideos|china|comida|fideos|fideos calientes|fideos chinos|ramen|tazon
🍝	espagueti|cena|comida|espaguetis|pasta|pastas|restaurante|spaguetti
🍞	pan|calorias|comida|desayuno|rebanada|rebanada de pan|rodaja|tostada|trigo
🍟	papas fritas|comida|comida rápida|papas a la francesa|patatas|patatas fritas
🍠	batata asada|asada|batata|comida|papa|patata|restaurante
🍡	brocheta dulce japonesa|bolitas de mochi|brocheta|comida|dango|dulce|japonesa|mochi|pincho bolas mochi|restaurante
🍢	brocheta de mariscos|brochetas|brochettes|comida|japonesa|marisco|mariscos|oden|pincho|pincho japonés|restaurante
🍣	sushi|cena|comer|comida|japonesa|restaurante
🍤	camarones fritos|camarón|camarones|comida|gabardina|gamba|gamba frita|gambas a la gabardina|japonesa|restaurante|tempura
🍥	pastel de pescado|comida|comida japonesa|croqueta|pastel|pastel de pescado japonés|pescado|restaurante
🍦	helado en cucurucho|cucurucho|cucurucho de helado|dulce|helado|helado de cucurucho|restaurante
🍧	hielo molido|comida|dulce|frío|granizado|helado|hielo|nieve|restaurante
🍨	helado|postre|sorbete
🍩	dona|berlina|comida|dónut|dulce|pastel|postre|rosquilla
🍪	galleta|dulce|pasta|postre
🍫	tableta de chocolate|chocolate|dulce|postre|restaurante|tableta
🍬	caramelo|chuche|chuchería|dulce|golosina|postre
🍭	paleta dulce|chuche|chuchería|chupeta|chupetín|dulce|golosina|paleta|piruleta
🍮	flan|comida|postre|pudding|quesillo|restaurante
🍯	tarro de miel|abeja|dulce|miel|pote|tarro
🍰	rebanada de pastel|celebración|cumpleaños|dulce|fiesta|porción de torta|torta
🍱	caja de bento|bento|caja|cena|comida|japonesa|restaurante
🍲	olla de comida|cazuela|comer|comida|comida casera|comida de olla|guiso|olla|perolo|restaurante
🍳	sartén|cocina|cocinar|freír|huevo|huevo frito|restaurante
🍴	cuchillo y tenedor|cena|cocina|comer|comida|cubiertos|delicioso|restaurante
🍵	tazón de té|bebida|taza|taza de té|té
🍶	sake|bar|bebida|botella|botella y tazón sake|japonés|restaurante|tazón
🍷	copa de vino|alcohol|bar|bebida|copa|restaurante|vino
🍸	copa de cóctel|alcohol|bar|bebida|club|cóctel|copa|martini|restaurante
🍹	bebida tropical|bar|bebida|cóctel|mai tai|restaurante|trago|tropical|verano
🍺	tarro de cerveza|bar|bebida|brindar|cerveza|jarra|jarro|restaurante|verano
🍻	brindis con cerveza|bar|bebida|brindar|brindis|celebrar|cerveza|festejar|salud
🍼	biberón|bebé|botella|leche|mamadera|tetero
🍽	plato y cubiertos|cuchillo|cuchillo y tenedor con un plato|plato|restaurante|tenedor
🍾	botella descorchada|beber|brindar|celebración|celebrar|champagne|champan|champán|champaña|festejar
🍿	palomitas de maíz|cine|cotufas|maiz|maíz|palomitas|pelicula|pochoclo
🎀	moño|celebración|cinta|festejo|lazo|regalo|rosa
🎁	regalo|celebración|cumpleaños|envoltorio|moño|presente|regalo envuelto
🎂	pastel de cumpleaños|celebración|cumpleaños|tarta|tarta de cumpleaños
🎃	calabaza|auyama|cabeza de calabaza|celebración|Halloween|linterna|linterna de jack|noche de brujas
🎄	árbol de Navidad|árbol|árbol de navidad|celebración|navidad
🎅	Santa Claus|celebración|Claus|fiesta|Navidad|Noel|Papá Noel|santa
🎆	fuegos artificiales|artificiales|celebración|festejo|fiesta|fuegos
🎇	bengala|artificiales|celebración|festejo|fiesta|fuegos|luz de bengala
🎈	globo|bomba|celebración|cumpleaños|fiesta|rojo
🎉	lanzador de serpentina|celebración|confeti|felicidad|felicidades|fiesta|lanzador de confeti|serpentina
🎊	confeti|celebración|cumpleanos|cumpleaños|felicidades|felicitaciones|festejo|fiesta|lluvia de confeti|piñata
🎋	árbol de tanabata|árbol y trozos de papel|celebración|estrellas|festividad|festividad de estrellas|fiesta|japonesa|papel|tanabata|trozos papel
🎌	banderas cruzadas|banderas|banderas cruzadas japón|banderas de japón cruzadas|celebración|japón
🎍	adorno para pinos|año|celebración|decoración vegetal japonesa|japonés|kadomatsu|nuevo|pino
🎎	muñecas japonesas|celebración|festival|festival muñecas|festividad|hinamatsuri|Japón|muñeca
🎏	banderín con forma de carpa|bandera|banderín|banderín de carpas|celebración|festejo|japonés|koinobori
🎐	campanilla de viento|campanilla|furin|viento
🎑	ceremonia japonesa|celebración|ceremonia|contemplación|contemplación de luna|luna|Otsukimi|tsukimi
🎒	mochila|bolso|colegio|escuela|estudiar|maletín|mochila escolar
🎓	gorro de graduación|birrete|celebración|gorro|grado|graduación
🎖	medalla militar|celebración|ganador|medalla|militar|premio
🎗	cinta conmemorativa|amarillo|cinta|conmemoración|conmemorativo|lazo
🎙	micrófono de grabación|cantante|cantar|estudio|grabación|micrófono|micrófono de estudio|música|voz
🎚	control deslizante|control|deslizar|música|nivel|volumen
🎛	perillas|botones|control|diales|música|perillas de control|potenciómetros|ruedas|ruedas de control|volumen
🎞	cuadros de película|camara|cine|fotograma|película
🎟	entradas|acceso|admisión|boleto|evento|ticket|tique|tíquet
🎠	caballo de carrusel|caballo|caballo de tiovivo|calesita|carrusel|entretenimiento|tiovivo
🎡	noria|atracciones|entretenimiento|feria|noria de feria|vuelta al mundo
🎢	montaña rusa|diversion|diversiones|entretenimiento|montaña|parque|parque atracciones|rusa
🎣	caña de pescar|caña|caña pescar con pez|deporte|entretenimiento|esparcimiento|libre|pesca|pescado|pescar
🎤	micrófono|artista|cantante|cantar|entretenimiento|karaoke|micro|música|sonido|voz
🎥	filmadora|cámara|cámara cinematográfica|cine|entretenimiento|película
🎦	filmar|botón|cámara|cine|entretenimiento|película|símbolo cine
🎧	audífonos|auricular|cascos|entretenimiento|música
🎨	paleta de pinturas|arte|artista|entretenimiento|paleta|paleta de pintor|pintor|pintura
🎩	galera|caballero|chistera|complementos|copa|hombre|sombrero|sombrero de copa|sombreros
🎪	circo|carpa|carpa de circo|entretenimiento
🎫	boleto|acceso|admisión|billete|entrada|entretenimiento
🎬	claqueta|cine|claqueta de cine|entretenimiento|película
🎭	máscaras de teatro|actuación|arte|artes|artes escénicas|carnaval|entretenimiento|máscaras|obra de teatro|teatro
🎮	video juegos|control|entretenimiento|joystick|juego|mando|mando de videoconsola|video|videojuego
🎯	dardo en el centro|blanco|centro|dardo|dardos|diana|en el blanco|juego|objetivo|tiro al blanco
🎰	tragamonedas|apostar|apuesta|apuestas|casino|juego|las vegas|máquina|máquina tragaperras
🎱	bola ocho|8|billar|bola|bola negra billar|juego|ocho|pool
🎲	dado|casino|juego
🎳	bolos|bola|bola de bolos|bolera|boliche|bowling|juego
🎴	carta|flor|Hanafuda|japonés|juego|juego cartas|naipe|naipe de flor
🎵	nota musical|corchea|música|nota|sonido
🎶	notas musicales|corchea|música|nota|notas
🎷	saxofón|instrumento|instrumento musical|música|saxo
🎸	guitarra|instrumento|instrumento musical|música|rock
🎹	teclado musical|instrumento|instrumento musical|música|piano|teclado
🎺	trompeta|instrumento|instrumento musical|música
🎻	violín|instrumento|instrumento musical|música|orquesta
🎼	pentagrama|clave|clave de sol|música|partitura|sol
🎽	camiseta para correr|azul|camiseta|camiseta con banda|camiseta de correr|deporte|franelilla|musculosa|sin mangas
🎾	pelota de tenis|deporte|pelota|raqueta|tenis
🎿	esquís|deporte|esquí|esquiar|esquíes|nieve
🏀	pelota de básquet|balón|balón de baloncesto|baloncesto|basket|basketball|básquet|básquetbol|canasta|cesto|deporte|pelota
🏁	bandera de cuadros|bandera|carreras|cuadros|deporte|motor
🏂	snowboard|nieve|practicante de snowboard
🏃	persona corriendo|carrera|corredor|correr|deporte|deportista|hombre corriendo|maratón|maratonista|persona|voy
🏃‍♀	mujer corriendo|apuro|corredor|maraton|rapido|velocidad|veloz
🏃‍♀‍➡	mujer corriendo: hacia la derecha|apuro|corredor|derecha|hacia|la|maraton|mujer corriendo|rapido|velocidad|veloz
🏃‍♂	hombre corriendo|carrera|correr|hombre|maratón
🏃‍♂‍➡	hombre corriendo: hacia la derecha|carrera|correr|derecha|hacia|hombre|hombre corriendo|la|maratón
🏃‍➡	persona corriendo: hacia la derecha|carrera|corredor|correr|deporte|deportista|derecha|hacia|hombre corriendo|la|maratón|maratonista|persona|persona corriendo|voy
🏄	persona haciendo surf|cool|deporte|deportes|ola|persona|playa|surf|surfear|surfista
🏄‍♀	mujer haciendo surf|mujer|surf|surfera|surfista
🏄‍♂	hombre haciendo surf|hombre|surf|surfero|surfista
🏅	medalla deportiva|campeón|deportes|ganar|medalla|oro|premio|primer|triunfo
🏆	trofeo|campeón|copa|ganar|premio|victoria
🏇	carrera de caballos|amazona|caballo|caballo de carreras|carrera|carreras|deporte|jinete|jockey|yóquey
🏈	pelota de fútbol americano|americano|balón|deporte|fútbol|juego|jugar|pelota
🏉	pelota de rugby|balón|balón de rugby|deporte|pelota|rugby
🏊	persona nadando|nadar|natación
🏊‍♀	mujer nadando|mujer|nadar
🏊‍♂	hombre nadando|hombre|nadar
🏋	persona levantando pesas|deporte|entrenamiento|entrenamiento con pesas|fisicoculturismo|gym|hacer|levantamiento de pesas|levantar|pesas
🏋‍♀	mujer levantando pesas|gimnasio|gym|hacer pesas|halterofilia|levantadora de pesas|levantar|pesas
🏋‍♂	hombre levantando pesas|gimnasio|gym|hacer pesas|halterofilia|levantadora de pesas|levantar|pesas
🏌	persona jugando al golf|golf|golfista|pelota
🏌‍♀	mujer jugando al golf|golf|jugadora|mujer
🏌‍♂	hombre jugando al golf|golf|hombre|jugador
🏍	motocicleta|carreras|moto|transporte|vehículo
🏎	auto de carrera|auto|automóvil|carrera|carreras|carro|coche|coche de carreras|F1|rápido
🏏	cricket|criquet|críquet|deporte|juego|pelota
🏐	pelota de vóleibol|deporte|juego|pelota|voleibol|vóleibol
🏑	hockey sobre hierba|césped|deporte|hockey|hockey sobre césped|juego|palo|pelota
🏒	hockey sobre hielo|deporte|disco|hielo|hockey|palo|palo de hockey sobre hielo y disco
🏓	tenis de mesa|deporte|juego|mesa|paleta|pelota|ping|ping-pong|pong
🏔	montañas nevadas|frío|montaña|montaña con nieve|naturaleza|nieve
🏕	campamento|acampada|acampar|camping|carpa|vacaciones
🏖	playa y sombrilla|arena|isla|mar|oceano|playa|sol|sombrilla|vacaciones|verano
🏗	edificio en construcción|construcción|edificio|obra
🏘	viviendas|casas|edificio|urbanización|vecino
🏙	paisaje urbano|ciudad|edificio|edificios|paisaje|rascacielos
🏚	edificio abandonado|abandonada|casa|deshabitada|inhabitada|vacía
🏛	edificio clásico|clásico|edificio|monumento|roma|romano
🏜	desierto|amarillo|arena|atardecer|calor|oasis|paisaje|sol|verano
🏝	isla desierta|desierta|isla|playa
🏞	parque nacional|atracción|montaña|parque|vacaciones
🏟	estadio|campo|cancha|concierto|deporte|espectáculo|juego
🏠	casa|casa de campo|construcción|hogar|vivienda
🏡	casa con jardín|casa|casa de campo|construcción|hogar|jardín|vivienda
🏢	edificio de oficinas|construcción|edificio|oficinas
🏣	oficina de correo japonesa|correo|correos|edificio|oficina|oficina correos japonesa
🏤	oficina de correo europea|correo|correos|edificio|oficina|oficina correos europea
🏥	hospital|edificio|emergencia|medicina|médico|urgencia
🏦	banco|banca|edifício
🏧	cajero automático|atm|banco|cajero|cuadrado cajero automático|dinero|señal de cajero automático
🏨	hotel|alojamiento|edificio|turismo
🏩	motel|alojamiento|amor|edificio|hotel|hotel del amor
🏪	tienda 24 horas|24 horas|edificio|establecimiento|tienda de comestibles
🏫	escuela|colegio|edificio|edificio de colegio|universidad
🏬	centro comercial|almacen|centro|comercial|comprar|edificio|grandes almacenes|shopping|tienda
🏭	fábrica|edificio|industria
🏮	farol de papel japonés|farol|izakaya|linterna|linterna japonesa|papel|restaurante|roj|roja
🏯	castillo japonés|castillo|construcción|edificio|japones|japonés
🏰	castillo europeo|castillo|construcción|edificio|Europa|reina|rey
🏳	bandera blanca|bandera|blanca|paz
🏳‍⚧	bandera transgénero|bandera|blanco|celeste|LGTB|rosa|transgénero
🏳‍🌈	bandera del arcoíris|arcoiris|arcoíris|bandera del orgullo LGTB+|gay|homosexual|LGTBQIA|orgullo
🏴	bandera negra|bandera|negra
🏴‍☠	bandera pirata|botín|Jolly Roger|pirata|tesoro
🏴󠁧󠁢󠁥󠁮󠁧󠁿	Bandera: Inglaterra|Bandera
🏴󠁧󠁢󠁳󠁣󠁴󠁿	Bandera: Escocia|Bandera
🏴󠁧󠁢󠁷󠁬󠁳󠁿	Bandera: Gales|Bandera
🏵	roseta|flor|naturaleza|planta
🏷	etiqueta
🏸	bádminton|deporte|pluma|raqueta|volante
🏹	arco y flecha|arco|arma|arquero|flecha|Sagitario|zodíaco
🏺	vasija|acuario|ánfora|beber|jarra|zodíaco
🐀	rata|animal|roedor
🐁	ratón|rata|roedor
🐂	buey|animal|cabestro|tauro|toro|zodíaco
🐃	búfalo de agua|animal|búfalo|zoológico
🐄	vaca|animal|bovino|granja|leche|res
🐅	tigre|animal|fauna|felino|gato grande|zoológico
🐆	leopardo|animal|fauna|felino|gato grande|zoológico
🐇	conejo|animal|conejito|gazapo|liebre|mascota
🐈	gato|animal|felino|gatito|minino
🐈‍⬛	gato negro|animal|felino|gatito|gato|halloween|miau|negro|suerte|superstición
🐉	dragón|animal|dracarys|juego de tronos|mitología
🐊	cocodrilo|animal|caimán|florida|zoologico
🐋	ballena|animal|cachalote|cetáceo|mar|marino|oceano|orca
🐌	caracol|animal|caracola|molusco
🐍	serpiente|animal|culebra|reptil|víbora
🐎	caballo|caballo de carreras|carreras de caballos|ecuestre
🐏	carnero|animal|Aries|cuernos|morueco|zoológico
🐐	cabra|animal|caprino|chivo|zodíaco|zoológico
🐑	oveja|animal|borrego|cordero|granja|ovino
🐒	mono|animal|cara|cara de mono|chango|chimpancé|macaco|simio
🐓	gallo|animal|ave|galliforme|gallinácea|gallinero|pollo
🐔	gallina|animal|ave|gallinácea|pollo
🐕	perro|cachorro|mascota|perrito
🐕‍🦺	perro de servicio|accesibilidad|animal|apoyo|asistencia|lazarillo|perro
🐖	cerdo|animal|chancho|chuleta|cochino|grasa|jamón|puerco|tocineta
🐗	jabalí|animal|cerdo salvaje|granja
🐘	elefante|animal|paquidermo
🐙	pulpo|animal|cefalópodo|mar|oceano|octópodo
🐚	caracola marina|animal|caracol|caracola|concha|concha de caracol|mar|marino|oceano|playa
🐛	oruga|animal|bicho|gusano|insecto|naturaleza
🐜	hormiga|antenas|insecto
🐝	abeja|animal|flores|insecto|miel|naturaleza|primavera
🐞	mariquita|animal|cochinilla|escarabajo|insecto|jardin|naturaleza
🐟	pez|animal|cena|mar|pececillo|pescado|pescar|Picis
🐠	pez tropical|animal|mar|oceano|pez|playa|tropical
🐡	pez globo|animal|mar|oceano|pez
🐢	tortuga|animal|galápago
🐣	pollito rompiendo el cascarón|animal|cascarón|huevo|nacer|nacimiento de pollito|pollito|pollito rompiendo cascarón|pollo
🐤	pollito|animal|ave|cara de pollito|cara de pollito de perfil|pollo|polluelo
🐥	pollito de frente|animal|pollito
🐦	pájaro|ave|pajarillo
🐦‍⬛	pájaro negro|animal|cuervo|graja|grajo|negro|pájaro|pico|zanate
🐦‍🔥	fénix|ave de fuego|ave en llamas|ave fénix|emerger|reinventarse|renacimiento|renovación|revivir|transformarse
🐧	pingüino|animal|antartica|pájaro bobo|polo norte
🐨	koala|animal|Australia|bambú|cara|marsupial
🐩	caniche|animal|french poodle|mascota|perrito|perro|perro de aguas|poodle|pudle
🐪	dromedario|camello|desierto|joroba
🐫	camello|bactriano|desierto|dromedario|jorobas
🐬	delfín|animal|cetáceo|flipper|mar|oceano|playa
🐭	cara de ratón|animal|cara|ratón|roedor
🐮	cara de vaca|animal|cara|finca|granja|leche|vaca
🐯	cara de tigre|animal|felino|gato|tigre
🐰	cara de conejo|animal|cara|conejo|mascota
🐱	cara de gato|animal|cara|gato|mascota
🐲	cara de dragón|animal|cara|dragón
🐳	ballena soplando un chorro de agua|animal|azul|ballena|ballena soltando chorro|chorro|chorro de agua|mar|marino|oceano
🐴	cara de caballo|animal|caballo|cara caballo de perfil|cara de perfil|granja
🐵	cara de mono|animal|cara|chango|chimpancé|mono|simio
🐶	cara de perro|animal|cachorro|cara|mascota|perrito|perro
🐷	cara de cerdo|animal|cara|cerdo|chancho|chuleta|cochinito|cochino|granja|jamon|tocineta
🐸	rana|animal|cara|cara de rana|verde
🐹	hámster|animal|cara|cara de hámster|mascota|roedor
🐺	lobo|animal|cara|cara de lobo
🐻	oso|animal|cara|cara de oso|miel|osito
🐻‍❄	oso polar|ártico|blanco|polar
🐼	panda|animal|bamboo|bambú|cara|cara de panda|oso|zoologico
🐽	hocico de cerdo|cerdo|chancho|cochinito|cochino|hocico|morro|morro de cerdo|nariz|rosa
🐾	huellas de pezuñas|animal|huellas|huellas de perro|patas de perro|perro
🐿	ardilla|animal|nuez
👀	ojos|ahora lo veo|buscando|cara|cuerpo|mira esto|mirar|no sé|te leo
👁	ojo|cara|cuerpo|mira|ver
👁‍🗨	ojo en una burbuja de texto|bocadillo de texto|ojo|testigo
👂	oreja|cuerpo|escuchar|oído|oir
👃	nariz|cara|cuerpo|oler|olfato
👄	boca|beso|cara|cuerpo|labios
👅	lengua|broma|cara|cuerpo
👆	dorso de mano con dedo índice hacia arriba|apuntar arriba|arriba|dedo|dedo índice|dorso de mano con índice hacia arriba|índice apuntando hacia arriba|índice hacia arriba|mano
👇	dorso de mano con dedo índice hacia abajo|abajo|apuntar|dedo|dedo índice|dorso de mano con índice hacia abajo|índice apuntando hacia abajo|índice hacia abajo|mano
👈	dorso de mano con índice a la izquierda|apuntar a la izquierda|dedo|dedo índice|dorso de mano|índice apuntando izquierda|índice hacia izquierda|izquierda|mano
👉	dorso de mano con índice a la derecha|apuntar a la derecha|dedo|dedo índice|derecha|dorso de mano|índice apuntando hacia derecha|índice hacia derecha|mano
👊	puño cerrado|chócala|piedra|puñetazo|puño|rock
👋	mano saludando|adiós|agitar la mano|chau|hasta luego|hola|me voy|saludar|saludo
👌	señal de OK|bien|de acuerdo|entendido|genial|OK|perfecto|señal|sí|súper
👍	pulgar hacia arriba|+1|arriba|de acuerdo|mano|me gusta|ok|OK|pulgar arriba|subir
👎	pulgar hacia abajo|-1|abajo|bajar|mano|negativo|no|no me gusta|pulgar|rechazo
👏	manos aplaudiendo|aplaudir|aplauso|bravo|genial|manos|manos haciendo palmas|palmas|señal
👐	manos abiertas|manos|señal de manos abiertas
👑	corona|complementos|majestad|reina|rey|ropa|vestimenta
👒	sombrero de mujer|accesorio|jardín|mujer|ropa|sombrero|verano|vestimenta
👓	lentes|artículos|gafas|gafas graduadas|ropa|vestimenta
👔	corbata|accesorio|camisa|camisa con corbata|oficina|ropa|uniforme|vestimenta
👕	camiseta|remera|ropa|vestimenta
👖	jeans|mezclilla|pantalones|ropa|vaquero|vaqueros|vestimenta
👗	vestido|compras|moda|mujer|ropa|vestimenta
👘	kimono|japonés|ropa|vestido|vestimenta
👙	bikini|bañador|baño|nadar|pileta|piscina|playa|ropa|ropa de baño|traje|verano
👚	ropa de mujer|blusa|camisa|moda|mujer|ropa|ropa femenina|vestimenta
👛	monedero|cartera|dinero|moneda|monedas|mujer|ropa|vestimenta
👜	bolso|bolsa|bolso de mano|cartera|cartera de mano|mujer|ropa|vestido|vestimenta
👝	bolso de mano|bolsa|bolsa de mano|bolso
👞	zapato de hombre|café|calzado|hombre|marrón|pie|ropa|vestimenta|zapato
👟	zapato deportivo|calzado|carrera|correr|deporte|deportivas|ropa deportiva|tenis|vestimenta|zapatilla deportiva
👠	zapato de taco alto|mujer|tacón|tacones|zapato|zapato de tacón|zapatos
👡	sandalia de mujer|calzado|mujer|ropa|sandalia|vestimenta|zapatería
👢	bota de mujer|bota|calzado|mujer|ropa|vestimenta|zapato
👣	huellas|huellas de pies|pie|pies|pisada
👤	silueta de busto|busto|silueta
👥	dos siluetas de bustos|bustos|siluetas
👦	niño|cara|cara de niño|chico|joven|nene|persona
👧	niña|cara|cara de niña|chica|joven|nena|persona
👨	hombre|amigo|cara|cara de hombre|chico|muchacho|novio|persona|señor
👨‍⚕	profesional sanitario hombre|doctor|enfermero|médico|sanitario|terapeuta hombre
👨‍⚖	fiscal hombre|hombre|juez|justicia|magistrado
👨‍✈	piloto hombre|avión|capitán|hombre|piloto|vuelo
👨‍❤‍👨	pareja enamorada: hombre y hombre|amor|hombre|pareja|pareja enamorada|personas enamoradas
👨‍❤‍💋‍👨	pareja besándose: hombre y hombre|amor|beso|beso de pareja|dos personas besándose|hombre|pareja|pareja besándose|personas|romance|romántico
👨‍🌾	profesional de la agricultura hombre|agricultor|campo|granjero|hombre|labrador
👨‍🍳	chef hombre|chef|cocinero|hombre|pinche
👨‍🍼	hombre alimentando a bebé|alimentar|amamantar|bebé|hombre|lactancia
👨‍🎓	estudiante hombre|estudiante|graduado|hombre|licenciado|universitario
👨‍🎤	cantante hombre|artista|estrella|hombre|rock
👨‍🎨	artista hombre|hombre|paleta|pintor|pinturas
👨‍🏫	docente hombre|educador|hombre|instructor|maestro|profesor
👨‍🏭	profesional industrial hombre|fábrica|montaje|obrero|operario|trabajador
👨‍👦	familia: hombre y niño|familia|hombre|niño
👨‍👦‍👦	familia: hombre, niño, niño|familia|hombre|niño
👨‍👧	familia: hombre y niña|familia|hombre|niña
👨‍👧‍👦	familia: hombre, niña, niño|familia|hombre|niña|niño
👨‍👧‍👧	familia: hombre, niña, niña|familia|hombre|niña
👨‍👨‍👦	familia: hombre, hombre, niño|familia|hombre|niño
👨‍👨‍👦‍👦	familia: hombre, hombre, niño, niño|familia|hombre|niño
👨‍👨‍👧	familia: hombre, hombre, niña|familia|hombre|niña
👨‍👨‍👧‍👦	familia: hombre, hombre, niña, niño|familia|hombre|niña|niño
👨‍👨‍👧‍👧	familia: hombre, hombre, niña, niña|familia|hombre|niña
👨‍👩‍👦	familia: hombre, mujer, niño|familia|hombre|mujer|niño
👨‍👩‍👦‍👦	familia: hombre, mujer, niño, niño|familia|hombre|mujer|niño
👨‍👩‍👧	familia: hombre, mujer, niña|familia|hombre|mujer|niña
👨‍👩‍👧‍👦	familia: hombre, mujer, niña, niño|familia|hombre|mujer|niña|niño
👨‍👩‍👧‍👧	familia: hombre, mujer, niña, niña|familia|hombre|mujer|niña
👨‍💻	profesional de la tecnología hombre|desarrollador|hombre|informático|programador|tecnólogo
👨‍💼	oficinista hombre|director|ejecutivo|empresa|hombre|oficina|oficinista
👨‍🔧	profesional de la mecánica hombre|electricista|fontanero|hombre|mecánico|operario
👨‍🔬	profesional de la ciencia hombre|biólogo|científico|físico|hombre|químico
👨‍🚀	astronauta hombre|astronauta|cohete|espacio|hombre
👨‍🚒	bombero hombre|apagafuegos|bombero|camión|manguera
👨‍🦯	hombre con bastón|accesibilidad|bastón|ciego|hombre|invidente
👨‍🦯‍➡	hombre con bastón: hacia la derecha|accesibilidad|bastón|ciego|derecha|hacia|hombre|hombre con bastón|invidente|la
👨‍🦰	hombre: pelo pelirrojo|amigo|cara|cara de hombre|chico|hombre|muchacho|novio|pelo pelirrojo|persona|señor
👨‍🦱	hombre: pelo rizado|amigo|cara|cara de hombre|chico|hombre|muchacho|novio|pelo rizado|persona|señor
👨‍🦲	hombre: sin pelo|amigo|cara|cara de hombre|chico|hombre|muchacho|novio|persona|señor|sin pelo
👨‍🦳	hombre: pelo blanco|amigo|cara|cara de hombre|chico|hombre|muchacho|novio|pelo blanco|persona|señor
👨‍🦼	hombre en silla de ruedas eléctrica|accesibilidad|hombre|hombre en silla de ruedas|silla de ruedas
👨‍🦼‍➡	hombre en silla de ruedas eléctrica: hacia la derecha|accesibilidad|derecha|hacia|hombre|hombre en silla de ruedas|hombre en silla de ruedas eléctrica|la|silla de ruedas
👨‍🦽	hombre en silla de ruedas manual|accesibilidad|hombre|hombre en silla de ruedas|silla de ruedas
👨‍🦽‍➡	hombre en silla de ruedas manual: hacia la derecha|accesibilidad|derecha|hacia|hombre|hombre en silla de ruedas|hombre en silla de ruedas manual|la|silla de ruedas
👩	mujer|cara|cara de mujer|chica|persona|señora
👩‍⚕	profesional sanitario mujer|doctora|enfermera|médica|sanitaria|terapeuta mujer
👩‍⚖	fiscal mujer|jueza|justicia|magistrada|mujer
👩‍✈	piloto mujer|avión|capitana|mujer|piloto|vuelo
👩‍❤‍👨	pareja enamorada: mujer y hombre|amor|hombre|mujer|pareja|pareja enamorada|personas enamoradas
👩‍❤‍👩	pareja enamorada: mujer y mujer|amor|mujer|pareja|pareja enamorada|personas enamoradas
👩‍❤‍💋‍👨	pareja besándose: mujer y hombre|amor|beso|beso de pareja|dos personas besándose|hombre|mujer|pareja|pareja besándose|personas|romance|romántico
👩‍❤‍💋‍👩	pareja besándose: mujer y mujer|amor|beso|beso de pareja|dos personas besándose|mujer|pareja|pareja besándose|personas|romance|romántico
👩‍🌾	profesional de la agricultura mujer|agricultora|campo|granjera|labradora|mujer
👩‍🍳	chef mujer|chef|cocinera|mujer|pinche
👩‍🍼	mujer alimentando a bebé|alimentar|amamantar|bebé|lactancia|mujer
👩‍🎓	estudiante mujer|estudiante|graduada|licenciada|mujer|universitaria
👩‍🎤	cantante mujer|artista|estrella|mujer|rock
👩‍🎨	artista mujer|mujer|paleta|pintora|pinturas
👩‍🏫	docente mujer|educadora|instructora|maestra|mujer|profesora
👩‍🏭	profesional industrial mujer|fábrica|montaje|obrera|operaria|trabajadora
👩‍👦	familia: mujer y niño|familia|mujer|niño
👩‍👦‍👦	familia: mujer, niño, niño|familia|mujer|niño
👩‍👧	familia: mujer y niña|familia|mujer|niña
👩‍👧‍👦	familia: mujer, niña, niño|familia|mujer|niña|niño
👩‍👧‍👧	familia: mujer, niña, niña|familia|mujer|niña
👩‍👩‍👦	familia: mujer, mujer, niño|familia|mujer|niño
👩‍👩‍👦‍👦	familia: mujer, mujer, niño, niño|familia|mujer|niño
👩‍👩‍👧	familia: mujer, mujer, niña|familia|mujer|niña
👩‍👩‍👧‍👦	familia: mujer, mujer, niña, niño|familia|mujer|niña|niño
👩‍👩‍👧‍👧	familia: mujer, mujer, niña, niña|familia|mujer|niña
👩‍💻	profesional de la tecnología mujer|desarrolladora|informática|mujer|programadora|tecnóloga
👩‍💼	oficinista mujer|directora|ejecutiva|empresa|mujer|oficina|oficinista
👩‍🔧	profesional de la mecánica mujer|electricista|fontanera|mecánica|mujer|operaria
👩‍🔬	profesional de la ciencia mujer|bióloga|científica|física|mujer|química
👩‍🚀	astronauta mujer|astronauta|cohete|espacio|mujer
👩‍🚒	bombera|apagafuegos|bombera mujera|camión|manguera
👩‍🦯	mujer con bastón|accesibilidad|bastón|ciega|discapacidad visual|invidente|mujer
👩‍🦯‍➡	mujer con bastón: hacia la derecha|accesibilidad|bastón|ciega|derecha|discapacidad visual|hacia|invidente|la|mujer|mujer con bastón
👩‍🦰	mujer: pelo pelirrojo|cara|cara de mujer|chica|mujer|pelo pelirrojo|persona|señora
👩‍🦱	mujer: pelo rizado|cara|cara de mujer|chica|mujer|pelo rizado|persona|señora
👩‍🦲	mujer: sin pelo|cara|cara de mujer|chica|mujer|persona|señora|sin pelo
👩‍🦳	mujer: pelo blanco|cara|cara de mujer|chica|mujer|pelo blanco|persona|señora
👩‍🦼	mujer en silla de ruedas eléctrica|accesibilidad|mujer|mujer en silla de ruedas|silla de ruedas
👩‍🦼‍➡	mujer en silla de ruedas eléctrica: hacia la derecha|accesibilidad|derecha|hacia|la|mujer|mujer en silla de ruedas|mujer en silla de ruedas eléctrica|silla de ruedas
👩‍🦽	mujer en silla de ruedas manual|accesibilidad|mujer|mujer en silla de ruedas|silla de ruedas
👩‍🦽‍➡	mujer en silla de ruedas manual: hacia la derecha|accesibilidad|derecha|hacia|la|mujer|mujer en silla de ruedas|mujer en silla de ruedas manual|silla de ruedas
👪	familia
👫	mujer y hombre de la mano|amigos|esposos|hombre|hombre y mujer|mujer|pareja|pareja de la mano|pareja heterosexual|personas
👬	dos hombres de la mano|amigos|dos hombres|gays|hombres|hombres de la mano|novios|pareja|pareja de la mano|pareja homosexual masculina
👭	mujeres de la mano|amigas|dos mujeres|hermanas|manos|novias|pareja|pareja de la mano|pareja homosexual femenina|personas
👮	agente de policía|agente|personas|policía
👮‍♀	agente de policía mujer|agente|mujer|poli|policía
👮‍♂	agente de policía hombre|agente|hombre|poli|policía
👯	personas bailando con orejas de conejo|bailar|fiesta|orejas de conejo|personas|personas bailando|personas con orejas de conejo|personas de fiesta
👯‍♀	mujeres bailando con orejas de conejo|bailar|bailarinas|fiesta|mujeres|mujeres bailando|mujeres con orejas de conejo|mujeres de fiesta|orejas de conejo
👯‍♂	hombres bailando con orejas de conejo|bailar|bailarines|fiesta|hombres|hombres bailando|hombres con orejas de conejo|hombres de fiesta|orejas de conejo
👰	persona con velo|boda|novia|persona|velo
👰‍♀	mujer con velo|boda|mujer|novia|velo
👰‍♂	hombre con velo|boda|hombre|novio|velo
👱	persona adulta rubia|cabello rubio|cara|cara de persona con cabello rubio|humano|persona|persona rubia
👱‍♀	mujer rubia|mujer|mujer con cabello rubio|mujer: pelo rubio|pelo|pelo rubio|rubia
👱‍♂	hombre rubio|hombre|hombre con cabello rubio|hombre: pelo rubio|pelo|rubio
👲	persona con gorro chino|gorro|gua|gua pi mao|mao|persona
👳	persona con turbante|turbante
👳‍♀	mujer con turbante|mujer|turbante
👳‍♂	hombre con turbante|hombre|turbante
👴	hombre mayor|abuelo|anciano|calvo|cara|hombre|mayor|señor|viejo|yayo
👵	mujer mayor|abuela|anciana|cara|mayor|mujer|señora|vieja|yaya
👶	bebé|cara|cara de bebé|persona|recien nacido
👷	profesional de la construcción|casco|construcción|obrero|trabajador
👷‍♀	profesional de la construcción mujer|albañila|construcción|mujer|obrera|trabajadora
👷‍♂	profesional de la construcción hombre|albañil|construcción|hombre|obrero|trabajador
👸	princesa|cara de princesa|corona|cuento|cuento de hadas|fantasía|hadas|mujer|realeza|reina
👹	cara de ogro japonés|cuento|diablillo|diablo|fantasía|japonés|miedo|monstruo|ogro|oni
👺	cara de demonio japonés|cara|cuento|demonio|diablo|japonés|máscara|monstruo|tengu
👻	fantasma|cara|cuento|espanto|fantasía|monstruo|susto
👼	cara de ángel bebé|ángel|angelito|bebé|cara|cara de angelito|cielo|cuento|fantasía|iglesia
👽	alienígena|cara|cara de alienígena|ciencia ficción|cuento|espacio|extraterrestre|fantasía|ovni
👾	monstruo alienígena|cara de monstruo alienígena|criatura|cuento|extraterrestre|juego|maquinita|marcianito|monstruo|ovni
👿	cara morada enfadada con cuernos|cara|cara enfadada con cuernos|cuernos|demonio|diablillo|diablo|fantasía|granuja
💀	cráneo|calavera|cara|cuento|miedo|monstruo|muerte
💁	persona de mostrador de información|ayuda|centro de información|en serio|información|insolente|mano|mostrador|obvio|persona con la mano inclinada|sarcasmo
💁‍♀	empleada de mostrador de información|información|mano|mostrador|mujer
💁‍♂	empleado de mostrador de información|ayuda|centro de información|empleado de mostrador|en serio|hombre con la mano inclinada|información|insolente|mano|obvio|personas|sarcasmo
💂	guardia|guardia de palacio|guardia real
💂‍♀	guardia mujer|guardia|londres|mujer|palacio|palacio de buckingham|sombrero
💂‍♂	guardia hombre|guardia|hombre|vigilante
💃	mujer bailando|baila|bailar|bailarín|bailarina|baile|flamenca|flamenco|mujer|persona|salsa
💄	lápiz labial|barra de labios|cosméticos|labial|maquillaje|pintalabios
💅	pintarse las uñas|aplicación esmalte uñas|cosmética|cuidado de uñas|manicura|pintauñas|unas
💆	masaje facial|alivio|belleza|dolor de cabeza|masaje|persona recibiendo masaje|relajación|relax|salón|spa
💆‍♀	mujer recibiendo masaje|alivio|belleza|dolor de cabeza|masaje|masaje facial|relajación|relax|salón|spa
💆‍♂	hombre recibiendo masaje|alivio|belleza|dolor de cabeza|masaje|masaje facial|relajación|relax|salón|spa
💇	corte de pelo|belleza|corte de cabello|cosmetología|estilista|pelo|peluquería|persona cortándose el pelo|salón|salón de belleza
💇‍♀	mujer cortándose el pelo|belleza|corte|pelo|peluquero
💇‍♂	hombre cortándose el pelo|barbero|barbershop|corte de cabello|corte de pelo|estilista|pelo|peluquería
💈	barbería|barbero|peluquería|poste de barbero
💉	jeringa|aguja|análisis|doctor|hospital|inyección|jeringa cargada|medicina|sangre|vacuna
💊	píldora|comprimido|enfermo|medicamento|medicina|médico|pastilla|vitamina
💋	marca de beso|amor|beso|labial|labios|marca de labios|pintalabios|romance|sexy
💌	carta de amor|carta|carta con corazón|corazón|romance|sobre con corazón
💍	anillo|anillo de diamante|brillante|compromiso|matrimonio|romance
💎	piedra preciosa|azul|diamante|joya|romance
💏	pareja besándose|amor|beso|beso de pareja|dos personas besándose|pareja|personas|romance|romántico
💐	ramo de flores|amor|aniversario|flores|ramo|romance
💑	pareja enamorada|amor|pareja|personas enamoradas
💒	casamiento en capilla|boda|capilla|casamiento|ceremonia|iglesia|iglesia celebrando boda|romance
💓	corazón latiendo|amor|corazón|corazón palpitante|corazón que palpita|emoción|latidos|palpitar
💔	corazón roto|corazón|corazón partido|desamor|emoción|rompimiento|separación|tristeza
💕	dos corazones|amantes|amor|corazon|corazón|emoción|enamorado|xoxo
💖	corazón brillante|amor|corazón emocionado|emoción|felicidad
💗	corazón creciente|amor|corazón|corazón inquieto|corazón que crece|emoción|entusiasmado|latidos|nervios|nervioso
💘	corazón con flecha|amor|corazón|emoción|flecha
💙	corazón azul|amor|azul|corazón|emoción
💚	corazón verde|amor|corazón|emoción|verde
💛	corazón amarillo|amarillo|amistad|corazón|emoción
💜	corazón morado|corazón|emocion|emoción|morado
💝	corazón con lazo|amor|aniversario|beso|corazón|corazón con moño|emoción|lazo|moño|san valentín
💞	corazones que giran|amor|amor en el aire|corazón|emoción|girar|sentimiento|vueltas
💟	adorno de corazón|amor|corazón|corazón de decoración|decoración de corazón|emocion|violeta
💠	rombo con pétalo|adorable|cómic|diamante|emoción|flor|pétalo de flor|rombo
💡	foco|bombilla|bombillo|cómic|electricidad|idea|lámpara|lamparita|luz
💢	enojo|cómic|cómics|emoción|enfadado|enfado|señal de enfado|señal de enojo
💣	bomba|explosión
💤	símbolo de sueño|a dormir|buenas noches|cansancio|cómics|pereza|roncar|ronquido|siesta|sueño|zzz
💥	colisión|bomba|choque|cómic|emoción|explosion|explosión|fuegos artificiales|petardo|símbolo de colisión
💦	gotas de sudor|chorro|chorro de agua|cómic|cómics|emoción|gotas|salpicar|sudar|sudor
💧	gota|agua|clima|cómic|frío|lluvia|sudar|sudor
💨	salir corriendo|carrera|cómic|emoción|flatulencia|humo|nube|pedo|rápido|velocidad|viento
💩	caca|apesta|baño|chocolate|cómico|estiércol|gracioso|laxante|popó|wc
💪	bíceps flexionado|bicep|bíceps|cómic|cuerpo|ejercicio|fuerte|fuerza|gimnasio|gym|músculo
💫	mareado|brillar|cómic|emoción|estrella|estrella fugaz|estrellas|mareo|ver
💬	globo de diálogo|bocadillo|burbuja|cómic|diálogo|globo|hablar|idea|nube
💭	globo de pensamiento|bocadillo de pensamiento|burbuja|burbuja de pensamiento|cómic|globo|idea|nube|pensamiento|pensar
💮	flor blanca|bien hecho|flor|sello|sello de flor
💯	100 puntos|100|al 100|cien|claramente|completo|de acuerdo|definitivamente
💰	bolsa de dinero|banco|bolsa|cash|dinero|plata
💱	cambio de divisas|banco|cambio|cambio de divisa|dinero|divisa|dolar|moneda|yen
💲	símbolo de dólar|cash|dinero|dólar|efectivo|moneda|pagar
💳	tarjeta de crédito|compras|crédito|dinero|pagar|pago|tarjeta
💴	billete de yen|banco|billete|billete de banco|cash|dinero|efectivo|yen
💵	billete de dólar|banco|billete|billete de banco|dinero|dólar|fajo de billetes|moneda
💶	billete de euro|banco|billete|billete de banco|cash|dinero|euro|fajo de billetes
💷	billete de libra|banco|billete|billete de banco|cash|dinero|fajo de billetes|libra
💸	billete con alas|alas|billete|billete de banco|billetes|cash|dinero con alas|dinero volando|sin dinero
💹	mercado en alza|alza|mercado|mercado al alza|mercado alcista|tabla
💺	asiento de transporte|asiento|plaza|silla
💻	laptop|computadora|netbook|notebook|ordenador|pc|personal|portátil
💼	maletín|cartera|documentos|maleta|portadocumentos
💽	minidisco|computadora|disco|md|minidisc|musica|ordenador|pc
💾	disquete|computadora|disco|disco de 3 1/2|diskette|floppy|ordenador
💿	disco óptico|Blu-ray|cd|CD|disco|dvd|DVD|óptico
📀	DVD|blu-ray|cd|computadora|disco|dvd|música
📁	carpeta de archivos|archivo|carpeta|folder
📂	carpeta de archivos abierta|abierta|archivar|archivo|carpeta|carpeta archivos abierta
📃	documento doblado|doblada|documento|hoja|página|papel
📄	documento|anverso|frente|hoja|página|página por delante|papel
📅	calendario|17|almanaque|calendario sin anillas|cita|diecisiete|fecha|reunión
📆	calendario con hojas|17|almanaque|calendario|diecisiete|fecha|hojas
📇	organizador de fichas|índice|organizador|Rolodex|tarjetas|tarjetero
📈	tendencia ascendente|alza|ascendente|aumentar|gráfico|gráfico tendencia ascendente|mejor|mejorar|positivo|tabla
📉	tendencia descendente|datos|descendente|disminuir|empeorar|gráfico|negativo|peor|reducir|tabla
📊	gráfico de barras|gráfico
📋	portapapeles|carpeta|lista|papeles|pedido|pinza|sujetapapeles|tabla|tablon
📌	chincheta|chinche|pin|tachuela
📍	chincheta redonda|chinche|chincheta|mapa|tachuela|ubicacion
📎	clip para hojas|adjunto|clip|hojas|papel|sujetapapeles
📏	regla recta|angulo|medida|medir|regla
📐	escuadra|angulo|regla|triangular|triángulo
📑	pestañas de marcador|marcador|marcadores|pestañas
📒	libro de contabilidad|contabilidad|cuaderno|libro
📓	cuaderno|escuela|estudiar|libreta|negro
📔	cuaderno con tapa decorativa|cuaderno|cuaderno con decoración|decorado|tapa
📕	libro cerrado|cerrado|escuela|estudiar|libro
📖	libro abierto|abierto|biblioteca|educación|escuela|leer|librería|libro
📗	libro verde|educación|escuela|estudiar|leer|libro|verde
📘	libro azul|azul|educación|escuela|estudiar|leer|libro
📙	libro anaranjado|anaranjado|educación|escuela|estudiar|leer|libro|naranja
📚	libros|colegio|educación|escuela|estudiar|leer|libro|novelas|pila
📛	identificación con nombre|etiqueta|etiqueta identificativa|identificación|nombre|prendedor|rojo
📜	pergamino|documento|pergamino de papel|título
📝	nota|comunicación|cuaderno de notas|escribir|lapiz|memo|recordatorio
📞	teléfono|auricular de teléfono|comunicación|llamada|llamar|teléfono analógico|voip
📟	buscapersonas|bíper|busca|comunicación|localizador|mensáfono
📠	máquina de fax|comunicación|fax
📡	antena satelital|antena|antena de satélite|comunicación|emisión|satélite|señal
📢	altavoz de mano|altavoces|altavoz|anuncio|comunicación|estadio|parlante
📣	megáfono|altavoz|anuncio|comunicación|parlante
📤	bandeja de salida|bandeja|carta|comunicación|correo|enviado|enviados|salida|saliente
📥	bandeja de entrada|bandeja|carta|comunicación|correo|entrada|entrante|recibido|recibidos
📦	paquete|caja
📧	correo electrónico|carta|comunicación|correo|e-mail|electrónico|email|sobre
📨	mensaje entrante|carta|comunicación|correo|correo entrante|electrónico|mensaje|recibido|sobre
📩	mensaje saliente|carta|comunicación|correo|correo electrónico|correo saliente|enviado|mensaje|sobre
📪	buzón cerrado bandera baja|bandera|buzón|buzón cerrado bandera bajada|buzón vacío cerrado|carta|correo|vacío
📫	buzón cerrado bandera levantada|bandera|buzón|buzón cerrado bandera subida|buzón lleno cerrado|correo|lleno|postal
📬	buzón abierto bandera levantada|bandera|buzón|buzón abierto bandera bajada|buzón vacío abierto|carta|correo|vacío
📭	buzón abierto bandera baja|bandera|buzón|buzón abierto bandera subida|buzón lleno abierto|correo|lleno|postal
📮	buzón|cartas|correo
📯	corneta de correo|clarín|corneta|corneta de posta|correo|instrumento|musica
📰	periódico|comunicacion|diario|leer|noticias
📱	teléfono móvil|celular|móvil|teléfono
📲	teléfono móvil con una flecha|celular|comunicación|flecha|hacer llamada|hacer una llamada|llamada entrante|móvil|recibir llamada|teléfono
📳	modo vibración|celular|móvil|teléfono|vibración|vibrar
📴	celular apagado|apagado|apagar|celular|móvil|teléfono
📵	no se permiten celulares|celular|móvil|móviles prohibidos|no hacer llamadas|prohibido|prohibido el uso de móviles|teléfono
📶	barras de cobertura|antena|antena con barras|celular|cobertura|intensidad de señal|móvil|señal|señal de cobertura|teléfono
📷	cámara fotográfica|cámara|cámara de fotos|foto|fotografía|fotos
📸	cámara con flash|cámara|flash|foto
📹	videocámara|cámara|grabación|grabar|película|video
📺	televisor|televisión|tv|TV|video
📻	radio|música|transmisión
📼	cinta de video|cinta|cinta de vídeo|vhs|video
📽	proyector de cine|cine|película|películas|proyector|video
📿	rosario|collar|cuentas|oración|religión|rezar
🔀	reproducción aleatoria|cruzado|flechas|flechas entrecruzadas
🔁	repetir|flechas|repetición
🔂	repetir una vez|flecha|flechas|música|repetición|repetir|repetir solo uno|uno
🔃	flechas verticales en sentido horario|flechas|flechas verticales sentido horario|horario|señal de recarga
🔄	flechas horizontales en sentido horario|dirección|flechas|flechas en sentido antihorario|señal de recarga|sentido antihorario
🔅	brillo bajo|bajo|brillo|señal de brillo bajo|tenue
🔆	brillo alto|brillante|brillar|brillo
🔇	altavoz silenciado|altavoz con marca de cancelación|corneta|silencio|sin sonido|sin voz
🔈	altavoz a volumen bajo|altavoz|bocina|corneta|sonido|volumen bajo
🔉	altavoz a volumen medio|altavoz con volumen medio|altavoz encendido|bocina|medio|volumen medio
🔊	altavoz a volumen alto|altavoz|altavoz con volumen alto|alto|bocina|corneta|sonido|volumen
🔋	pila|batería
🔌	enchufe eléctrico|corriente|electricidad|eléctrico|enchufe
🔍	lupa hacia la izquierda|aumento|buscar|hacia la izquierda|instrumento|lupa|lupa apuntando izquierda
🔎	lupa hacia la derecha|aumento|buscar|hacia la derecha|instrumento|lupa|lupa apuntando derecha
🔏	candado y lapicera|candado|candado con pluma|candado con una estilográfica|lapicera|pluma|pluma estilográfica|privacidad|protegido|protegido contra escritura
🔐	candado cerrado y llave|candado|candado con una llave|cerrado|llave|protegido|protegido con contraseña|seguridad|seguro
🔑	llave|contraseña
🔒	candado cerrado|candado|cerrado|privado|protegido|seguridad
🔓	candado abierto|abierto|abrir|candado|cerrado|seguro
🔔	campana|capilla|iglesia
🔕	campana con signo de cancelación|campana|modo|no hacer ruido|prohibido|prohibido tocar campanas|silencio
🔖	marcapáginas|etiqueta|marcador|señalador
🔗	eslabones de cadena|cadena|enlace|enlaces|eslabones|vínculo
🔘	botón de opción|botón|botón de radio|opción|radio
🔙	flecha BACK|atrás|atrás con flecha izquierda|back|flecha|flecha a la izquierda
🔚	flecha END|final|final con flecha izquierda|flecha|flecha a la izquierda
🔛	flecha ON!|flecha|flecha de doble punta con la palabra "on" encima|on|señal
🔜	flecha SOON|flecha|soon|soon con flecha a la derecha
🔝	flecha TOP|arriba|flecha hacia arriba|top|top con flecha hacia arriba
🔞	prohibido para menores de 18|18|menores de 18|nadie menor de 18|prohibido|prohibido menores 18|prohibido para menores de 18 años|prohibido para menos de 18 años
🔟	Teclas: 10|Teclas
🔠	letras latinas mayúsculas|ABCD|abecedario|alfabeto|letras mayúsculas|mayúsculas
🔡	letras latinas minúsculas|abecesario|alfabeto|letras minúsculas|letras minúsculas latinas|minúsculas|minúsculas latinas
🔢	números|1234|dígitos
🔣	símbolos|&|%|♪|〒
🔤	alfabeto latino|ABC|abecedario|alfabeto|inglés|latino
🔥	fuego|arder|caliente|llama
🔦	linterna|luz
🔧	llave inglesa|herramienta|mecánico
🔨	martillo|herramienta
🔩	perno con tuerca|herramienta|mecánico|perno|tornillo|tornillo y tuerca|tuerca
🔪	cuchillo de cocina|arma|chef|cocina|cuchillo
🔫	pistola de agua|arma|pistola|revólver
🔬	microscopio|biología|experimento|instrumento|investigación|laboratorio
🔭	telescopio|astronomía|ciencia|espacio|instrumento
🔮	bola de cristal|adivinación|adivinar|adivino|bola|buena fortuna|cristal|fantasia|fantasía|futuro|magia
🔯	estrella de seis puntas|adivinación|buena fortuna|estrella seis puntas|estrellas|seis puntas
🔰	símbolo japonés de principiante|amarillo|hoja|hoja verde y amarilla|japonés|principiante|símbolo japonés para principiante|verde|verde y amarillo
🔱	emblema de tridente|ancla|barco|emblema|tridente
🔲	cuadrado blanco con borde negro|blanco|borde|botón|cuadrado|geometría|geométrico|marco|negro
🔳	cuadrado negro con borde blanco|blanco|borde|botón|cuadrado|marco|negro
🔴	círculo rojo|círculo|círculo rojo grande|geometria|punto|rojo
🔵	círculo azul|azul|círculo|círculo azul grande
🔶	diamante naranja grande|anaranjado|diamante|naranja|rombo|rombo naranja grande
🔷	diamante azul grande|azul|diamante|rombo
🔸	diamante naranja pequeño|anaranjado|diamante|naranja|rombo|rombo naranja pequeño
🔹	diamante azul pequeño|azul|diamante|rombo|rombo azul pequeño
🔺	triángulo rojo hacia arriba|rojo|triángulo|triángulo hacia arriba rojo
🔻	triángulo rojo hacia abajo|rojo|triángulo|triángulo hacia abajo rojo|tríangulo rojo hacia abajo
🔼	triángulo hacia arriba|botón|botón triángulo hacia arriba|triángulo
🔽	botón hacia abajo|abajo|bajar|botón|botón triángulo hacia abajo|flecha|triángulo|triángulo hacia abajo
🕉	om|hindú|religión
🕊	paloma|animal|ave|pájaro|paloma de la paz|paz
🕋	Kaaba|edificio|islam|kaaba|musulmán|religión
🕌	mezquita|edificio|islam|musulmán|religión
🕍	sinagoga|edificio|judaísmo|religión|signagoga|templo
🕎	menorá|candelabro|judaísmo|judío|religión
🕐	1 en punto|1|1:00|reloj|tiempo|una
🕑	2 en punto|2|2:00|dos|reloj|tiempo
🕒	3 en punto|3|3:00|reloj|tiempo|tres
🕓	4 en punto|4|4:00|cuatro|reloj|tiempo
🕔	5 en punto|5|5:00|cinco|reloj|tiempo
🕕	6 en punto|6|6:00|reloj|seis|tiempo
🕖	7 en punto|7|7:00|reloj|siete
🕗	8 en punto|8|8:00|ocho|reloj|tiempo
🕘	9 en punto|9|9:00|nueve|reloj|tiempo
🕙	10 en punto|10|10:00|diez|reloj|tiempo
🕚	11 en punto|11|11:00|once|reloj|tiempo
🕛	12 en punto|12|12:00|doce|hora|punto|reloj|tiempo
🕜	una y media|1|1:30|hora|media|reloj|tiempo|una
🕝	dos y media|2|2:30|dos|media|reloj|tarde|tiempo
🕞	tres y media|3|media|reloj|tiempo|tres
🕟	cuatro y media|4|4:30|cuatro|media|reloj|tiempo
🕠	cinco y media|5|5:30|cinco|media|reloj|tiempo
🕡	seis y media|6|6:30|media|reloj|seis|tiempo
🕢	siete y media|7|7:30|media|reloj|siete|tiempo
🕣	ocho y media|8|8:30|media|ocho|reloj|tiempo
🕤	nueve y media|9|9:30|media|nueve|reloj|tiempo
🕥	diez y media|10|10:30|diez|media|reloj|tiempo
🕦	once y media|11|11:30|media|once|reloj|tiempo
🕧	doce y media|12|12:30|doce|media|reloj|tiempo
🕯	vela|cera|fuego|luz
🕰	reloj de repisa|decoración|despertador|reloj|reloj de sobremesa|repisa|sobremesa|tiempo
🕳	agujero|agujero negro|hueco|negro|orificio
🕴	persona con traje levitando|levitar|negocios|persona|persona trajeada levitando|traje
🕵	detective|agente|búsqueda|cara|espía|investigación|lupa|persona|sombrero
🕵‍♀	detective mujer|agente|detective|espía|investigadora|mujer
🕵‍♂	detective hombre|agente|detective|espía|hombre|investigador
🕶	lentes de sol|anteojos|anteojos de sol|gafas|gafas de sol|lestes|oscuras|oscuros|ropa|sol|verano|vestimenta
🕷	araña|animal|insecto
🕸	telaraña|araña|tela|tela de araña
🕹	joystick|juego|mando|palanca|videojuego
🕺	hombre bailando|bailar|baile|elvis|hombre
🖇	clips unidos|clips|sujeta papeles|unidos|unión
🖊	lapicera|boli|bolígrafo|escribir|lapicero|nota|pluma
🖋	pluma fuente|bolígrafo|escribir|lapicera|pluma|tinta
🖌	pincel|arte|artista|pintar
🖍	crayón|cera|color|creyon|dibujar|lápiz|lápiz de cera|pintar|pintura
🖐	mano abierta|cinco|cuerpo|dedos|mano|palma|palma de mano|yo
🖕	dorso de mano con dedo medio hacia arriba|dedo|dedo del medio|dorso de mano|insulto|mano|medio
🖖	saludo vulcano|dedos|mano|saludo|spock|star|trek|vulcano
🖤	corazón negro|corazón|negro
🖥	computadora de escritorio|computadora|escritorio|ordenador|ordenador de sobremesa|sobremesa
🖨	impresora|accesorio|computadora|impresión|imprimir|ordenador
🖱	mouse|accesorio|computadora|ordenador|pc|ratón|ratón de ordenador
🖲	rueda de desplazamiento|accesorio|bola de desplazamiento|computadora|ordenador|pc|raton
🖼	cuadro enmarcado|arte|cuadro|marco|montana|museo|naturaleza|pintura
🗂	separadores para tarjetas|archivos|carpeta|fichas|índice|separador|separador de fichas
🗃	organizador de tarjetas|archivo|archivos|caja|fichero
🗄	archivador|archivos|oficina|organizador
🗑	papelera|basura|cesta|cesto|papeles
🗒	bloc de notas con espiral|anotador|cuaderno|escribir|espiral|notas
🗓	calendario con espiral|almanaque|calendario|espiral|fechas
🗜	tornillo de banco|herramienta|tornillo|torniquete
🗝	llave antigua|abrir|antigua|llave
🗞	periódico enrollado|diario|leer|noticias|papel|periódico
🗡	daga|arma|armas|cuchillo|puñal
🗣	silueta hablando|anuncio|cabeza|cara|hablar|silueta|silueta persona habla
🗨	globo de diálogo izquierdo|bocadillo de diálogo|burbuja|cómic|diálogo|globo|idea|izquierdo
🗯	globo de enojo derecho|bocadillo|bocadillo de enfado por la derecha|cabreo|enfado|rabia
🗳	urna con papeleta|elecciones|urna|urna con voto|votacion|votación|voto
🗺	mapamundi|atlas|mapa|mapa del mundo|mapa mundial|mundo
🗻	monte Fuji|montaña|monte|Monte Fuji|naturaleza
🗼	Torre de Tokio|Tokio|torre
🗽	Estatua de la Libertad|Estados Unidos|estatua|libertad|New York|Nueva York|NYC
🗾	mapa de Japón|Japón|mapa
🗿	estatua de la isla de Pascua|estatua|isla|moái|Moái|Pascua
😀	cara sonriendo|cara|contento|diente|divertido|felicidad|feliz|sonrisa
😁	cara radiante con ojos sonrientes|cara|cara riendo con ojos sonrientes|cara y ojos sonrientes|dientes|divertido|feliz ojos sonrientes|ojo|ojos sonrientes|risa|sonrisa
😂	cara llorando de risa|cara|cara con lágrimas de felicidad|cara llorando|divertido|felicidad|feliz|jajajajajaja|jejejejejeje|lol
😃	cara sonriendo con ojos grandes|boca abierta|cara|cara sonriente con boca abierta|divertido|risa|sonriendo|sonrisa|sonrisa boca abierta|sonrisa con boca abierta
😄	cara sonriendo con ojos sonrientes|boca abierta|boca y ojos sonrientes|cara|cara feliz|dientes|divertido|ojos|ojos sonrientes|sonrisa|sonrisa ojos sonrientes
😅	cara sonriendo con sudor frío|boca abierta|cara|frio|sonrisa|sonrisa boca abierta|sonrisa pero con sudor frío|sonrisa sudor frío|sonrisa y sudor frío|sudor|sudor frío
😆	cara sonriendo con los ojos cerrados|boca abierta|cara|jajaja|jejeje|ojos cerrados|risa|sonrisa con boca abierta y ojos cerrados|sonrisa con los ojos cerrados|xd
😇	cara sonriendo con aureola|ángel|angelical|aureola|cara|feliz|inocente|sonriente con aureola|sonrisa|sonrisa con aureola
😈	cara morada sonriendo con cuernos|diablito|diablo|fantasía|hacer travesuras|malicioso|pícaro|pillo|sonriente con cuernos|sonrisa|travesuras
😉	cara guiñando el ojo|-)|)|apachando el ojo|cara|cara con guiño|guiñando el ojo|guiño|sexy
😊	cara feliz con ojos sonrientes|cara|cara alegre|cara con ojos sonrientes|cara sonriente|feliz|ojos|ojos sonrientes|satisfecho|sonrisa|sonrojarse
😋	cara saboreando comida|antojo|cara|comida|comida deliciosa|delicioso|hambre|lengua|ñam ñam|rico|satisfecho
😌	cara de alivio|alivio|cara|cara feliz|satisfacción|tranquilidad
😍	cara sonriendo con ojos de corazón|amor|cara|corazón|corazones en los ojos|enamorado|ojos
😎	cara sonriendo con lentes de sol|cara|chévere|cool|lentes de sol|ojos|onda|relax|sol|sonriendo
😏	cara sonriendo con superioridad|cara|gesto de superioridad|hacer travesuras|misterioso|pícaro|sarcástico|sonrisa|sospechoso|travesura
😐	cara neutral|cara de póquer|cara seria|celo|da igual|inexpresivo|neutral|no impresionado|no me impresiona|pokerface|sin expresión
😑	cara sin expresión|cara|cara inexpresiva|inexpresividad|inexpresivo|malo|nada|sin comentarios
😒	cara de desaprobación|aburrido|desaprobación|infeliz|mmm|molesto|mueca|poco divertida|poco divertido|raro
😓	cara con sudor frío|cara|cara abatida con sudor|dolor de cabeza|frío|nervios|sudor|susto|tristeza
😔	cara desanimada|alicaído|cara|cara pensativa|deprimido|desanimado|pensativo|triste
😕	cara de confusión|cara|cara confusa|confundido|confusión|confuso|triste
😖	cara de frustración|cara|cara frustrada|enfadado|enojado|enojo|frustración|frustrado|tristeza
😗	cara dando un beso|amor|besar|besito|beso|cara|cara besando
😘	cara lanzando un beso|amor|beso|cara manda un beso|cariño|corazón|lanzando besos|mandar un beso|romance|te mando un beso
😙	cara besando con ojos sonrientes|beso|beso ojos sonrientes|beso y sonrisa|cara|cara enviando un beso|cara sonriente dando un beso
😚	cara besando con los ojos cerrados|besando con los ojos cerrados|beso|beso con ojos cerrados|cara|cerrados|ojos|sonrojarse|xoxo
😛	cara sacando la lengua|broma|cara|cara feliz|divertido|lengua|lengua fuera|risa|sacar la lengua|xp
😜	cara sacando la lengua y guiñando un ojo|p|broma|cara|divertido|era broma|guiño|lengua|loco|sacar lengua y guiñar
😝	cara con los ojos bien cerrados y sacando la lengua|asco|broma|cara|cara feliz|horrible|lengua fuera|lengua fuera con los ojos cerrados|qué asco|sacar la lengua
😞	cara de decepción|cara|cara decepcionada|culpa|decepción|decepcionado|triste
😟	cara de preocupación|cara|cara preocupada|estres|nervios|preocupacion|preocupación|preocupado|sorprendido
😠	cara enfadada|cara de enojo|cara enojada|enfado|enojo|frustración|histérico
😡	cara de odio|cara de enojo|cara enojada|cara roja|cara roja enojada|enfado|enojo|ira|odio|rojo
😢	cara llorando|cara|cara con llanto|lágrimas|llanto|llorando|llorar|pena|triste|tristeza
😣	cara perseverante|cara|equivocado|estrés|me equivoqué|perdón|perseverante|perseverar|preocupación
😤	cara resoplando|arrecho|cara|cara de mucho enfado|echar humo|enfado|infeliz|mirada de triunfo|molesto|triunfo|victoria
😥	cara triste pero aliviada|alivio|cara|decepción|decepción y alivio|decepcionado|decepcionado pero aliviado|preocupación|sudor|susto
😦	cara boquiabierta|abierta|boca|cara|ceño fruncido|ceño fruncido con boca abierta
😧	cara de angustia|angustiado|cara|cara angustiada|infeliz|sufrimiento|sufrir
😨	cara de miedo|asustado|cara|cara asustada|horror|miedo|susto|temor|terror
😩	cara agotada|agotado|cansado|cara|cara de cansancio|exhausto|llorar|noooo
😪	cara de sueño|cara|cara somnolienta|gota|mocos|resfriado|somnoliento|sueño
😫	cara cansada|agotado|cansado|cara|cara de exhausto|exhausto|sufrir|triste
😬	cara haciendo una mueca|cara|cara feliz|cara haciendo mueca|dientes|disculpa|mueca|perdón|sonreír|sonriente|ups
😭	cara llorando fuerte|cara|lágrimas|llorando|llorando fuerte|llorar|triste
😮	cara con la boca abierta|abierta|asustado|boca|cara|cara con boca abierta|empatía|oops|sorpresa
😮‍💨	cara exhalando|agotado|cara|exhalar|resoplido|respirar|silbido|soplar|toser
😯	cara estupefacta|cara|confusion|sorprendido|sorpresa|susto
😰	cara con ansiedad y sudor|apuro|asustad|azul|boca abierta|cara|cara acelerada|frio|nervios|sudor|sudor frío
😱	cara gritando de miedo|cara atemorizada|cara de terror|gritando de miedo|grito|horror|miedo|sorpresa|susto
😲	cara asombrada|asombro|cara|cara de asombro|horrorizado|pasmado|sorprendido|sorpresa|susto|totalmente pasmado
😳	cara sonrojada|asombro|aturdido|caliente|calor|ejercicio|guau|incredulidad|torpe|vergüenza
😴	cara durmiendo|buenas noches|cansancio|cara|dormir|durmiendo|hora de dormir|noche|siesta|sueño|zzzzz
😵	cara mareada|cara|cara de mareado|equis|mareado|soprendido|sorpresa|xx
😵‍💫	cara con ojos en espiral|alucinado|cara con ojos de espiral|confundido|desmayado|hipnotizado|locura|mareado|problema
😶	cara sin boca|cállate|cara|mudo|silencio|sin boca|sin comentario|sin palabras
😶‍🌫	cara entre las nubes|ausente|cabeza en las nubes|cara en la niebla|en las nubes
😷	cara con barbijo|cara|cara con cubrebocas|cara con mascarilla|cubrebocas|enfermedad|gérmenes|gripe|mascarilla|resfriado|resfrío
😸	gato sonriendo con ojos sonrientes|cara de gato|cara de gato riendo con ojos sonrientes|gato|gato llorando de risa|riendo|sonriente|sonrisa
😹	gato llorando de risa|alegría|cara de gato|cara de gato llorando de alegría|divertido|gato|gato llorando de alegría|lágrimas|llorando|risa
😺	gato sonriendo|boca abierta|cara|cara de gato|cara de gato sonriendo con la boca abierta|felicidad|feliz|gato|minino|sonrisa
😻	gato sonriendo con ojos de corazón|amor|animal|cara de gato|cara de gato sonriendo con corazones en los ojos|corazones|enamorado|gato|gato sonriendo corazones|gato sonriente con corazones
😼	gato haciendo una mueca|cara|cara de gato|gato|irónico|sarcástico|sonrisa|sonrisa irónica
😽	gato mandando un beso|besando|beso|cara|cerrados|gato|ojos
😾	gato enfadado|animal|cara|cara de gato|cara de gato enfadado|gato|gato cabreado|gato enojado
😿	gato llorando|cara|cara de gato|cara de gato llorando|gato|llorando|llorar
🙀	gato asustado|animal|cara|cara de gato asustado|felino|gato|gran sorpresa|oh dios mío|sorpresa
🙁	cara con el ceño ligeramente fruncido|cara|cara un poco triste|ceño fruncido|triste|tristeza
🙂	cara sonriendo ligeramente|cara|cara sonriendo levemente|feliz|leve sonrisa|sonrisa|sonrisa leve
🙂‍↔	cabeza en movimiento horizontal|cabeza moviéndose horizontalmente|cabeza negando|negar|no
🙂‍↕	cabeza asintiendo|asentir|cabeza moviéndose verticalmente|sí
🙃	cara al revés|al revés|broma|cara|cara del revés|cara feliz|del revés|loco|sonreír
🙄	cara revoleando los ojos|cara|cara con ojos en blanco|fastidio|frustración|ojos|ojos en blanco|revoleando|revolear los ojos|voltear los ojos
🙅	persona haciendo el gesto de "no"|brazos cruzados|gesto|gesto de está mal|ni lo pienses|no|no te acerques|persona|persona diciendo NO con los brazos|persona haciendo el gesto de NO|prohibido
🙅‍♀	mujer haciendo el gesto de "no"|brazos cruzados|gesto|gesto de está mal|mujer|mujer diciendo NO con los brazos|mujer haciendo el gesto de NO|ni lo pienses|no|no te acerques|prohibido
🙅‍♂	hombre haciendo el gesto de "no"|brazos cruzados|gesto|gesto de está mal|hombre|hombre diciendo NO con los brazos|hombre haciendo el gesto de NO|ni lo pienses|no|no te acerques|prohibido
🙆	persona haciendo el gesto de "de acuerdo"|bien|está bien|gesto de está bien|gesto de OK|mano|omg|persona|persona haciendo el gesto de OK|persona levantando los brazos sobre la cabeza|vale
🙆‍♀	mujer haciendo el gesto de "de acuerdo"|bien|está bien|gesto de está bien|gesto de OK|mano|mujer|mujer haciendo el gesto de OK|mujer levantando los brazos sobre la cabeza|omg|vale
🙆‍♂	hombre haciendo el gesto de "de acuerdo"|bien|está bien|gesto de está bien|gesto de OK|hombre|hombre haciendo el gesto de OK|hombre levantando los brazos sobre la cabeza|mano|omg|vale
🙇	persona haciendo una reverencia|arrepentimiento|disculpa|gesto|lo siento|perdón|perdóname|persona|reverencia|rogar
🙇‍♀	mujer haciendo una reverencia|arrepentimiento|disculpa|gesto|lo siento|mujer|perdón|perdóname|reverencia|rogar
🙇‍♂	hombre haciendo una reverencia|arrepentimiento|disculpa|gesto|hombre|lo siento|perdón|perdóname|reverencia|rogar
🙈	mono con ojos tapados|cara|ciego|cubrir|esconder|mono|no ver|ojos tapados|prohibido|tapar ojos
🙉	mono con orejas tapadas|animal|cara|mono|no escucho|oír|orejas tapadas|ruido|secreto|sordo
🙊	mono con boca tapada|boca tapada|callado|cara|hablar|mono|no|secreto|silencio|ups
🙋	persona levantando la mano|a mí|feliz|hola|levantando la mano|levantar la mano|persona|yo|yo puedo|yo sé
🙋‍♀	mujer levantando la mano|a mí|feliz|hola|levantando la mano|levantar la mano|mujer|yo|yo puedo|yo sé
🙋‍♂	hombre levantando la mano|a mí|feliz|hola|hombre|levantando la mano|levantar la mano|yo|yo puedo|yo sé
🙌	chocar las manos|bravo|celebración|celebrar|chócalas|festejo|hurra|levantando ambas manos en celebración|manos arriba|manos levantadas
🙍	persona frunciendo el ceño|ceño|fruncido|gesto|persona
🙍‍♀	mujer frunciendo el ceño|ceño|fruncido|gesto|mujer|mujer que frunce el seño|persona|triste
🙍‍♂	hombre frunciendo el ceño|ceño|fruncido|gesto|hombre
🙎	persona haciendo pucheros|decepción|disgusto|enfado|enojo|molestia|persona|persona haciendo puchero|pucheros
🙎‍♀	mujer haciendo pucheros|decepcionada|disgustada|enfadada|enojada|molesta|mujer|mujer haciendo puchero|pucheros
🙎‍♂	hombre haciendo pucheros|decepcionado|disgustado|enfadado|enojado|hombre|hombre haciendo puchero|molesto|pucheros
🙏	manos en oración|favor|gesto|gracias|mano|manos|oración|orar|por favor|rezar
🚀	cohete|espacio|luna|nasa|planeta|vehículo|viajar
🚁	helicóptero|aspas|rotores|transporte|vehículo|viajar|viaje|volar
🚂	locomotora de vapor|ferrocarril|locomotora|transporte|tren|tren a vapor|vapor|vehículo|viajar|viaje
🚃	tren eléctrico|eléctrico|ferrocaril|ferrocarril|transporte|tranvía|tren|vagón|vehículo|viaje
🚄	tren de alta velocidad|ferrocarril|rápido|transporte|tren|velocidad|viaje
🚅	tren bala|ave|bala|ferrocarril|rápido|shinkansen|transporte|tren|vehículo|velocidad|viajar|viaje
🚆	tren|chu chu|ferrocarril|transporte|viajar|viaje
🚇	metro|subte|subterráneo|suburbano|transporte
🚈	tren ligero|ferrocarril|monorriel|transporte|tren|viaje
🚉	estación de tren|estación|ferrocarril|transporte|tranvía|tren|viaje
🚊	tranvía|transporte|trolebús
🚋	vagón de tranvía|transporte|tranvía|vagón|vehículo
🚌	autobús|bus|colectivo|transporte
🚍	autobús se aproxima|autobús|bus|colectivo|llegada de autobús|micro|próximo|transporte|vehículo
🚎	trolebús|transporte|tranvía
🚏	parada de autobús|autobús|bus|colectivo|parada
🚐	minibús|autobús|combi|manjera|transporte|van|viaje
🚑	ambulancia|asistencia médica|emergencia|transporte|vehículo
🚒	camión de bomberos|bomberos|camión|carro|coche de bomberos|emergencia|fuego|transporte|vehículo
🚓	coche de policía|auto|auto de policía|carro|coche|patrulla|patrullero|policia|policía|transporte|vehículo
🚔	patrullero se aproxima|auto|carro|coche|coche de policía|coche de policía próximo|patrulla|patrullero|policía|transporte|vehículo
🚕	taxi|auto|carro|coche|transporte|vehículo
🚖	taxi se aproxima|amarillo|coche|taxi|taxi próximo|transporte|vehículo
🚗	auto|automóvil|carro|coche|transporte|vehículo
🚘	auto se aproxima|auto|automóvil|carro|coche|próximo|rojo|transporte|vehículo
🚙	vehículo deportivo utilitario|auto|automóvil|carro|furgoneta|manejar|SUV|transporte|vacaciones|vehículo|vehículo recreativo
🚚	camión de reparto|camión|mercancías|reparto|transporte|vehículo
🚛	camión articulado|acoplado|camión|tráiler|transporte|vehículo
🚜	tractor|agricultura|campo|vehículo
🚝	monorriel|ferrocarril|monocarril|monorraíl|transporte|tren
🚞	ferrocarril de montaña|ferrocarril|montaña|transporte|tren|vehículo|viajar|viaje
🚟	tren colgante|ferrocarril|ferrocarril de suspensión|suspensión|transporte|tren|vehículo
🚠	teleférico de montaña|cable|montaña|ski|telecabina de montaña|teleferico|teleférico|tren|vagón|vehículo
🚡	teleférico|aéreo|cabina|colgante|montaña|telecabina|teleferico|tranvía|tren|vehículo
🚢	barco|capitán|crucero|mar|marinero|vehículo
🚣	persona remando en un bote|bote|bote a remo|bote de remo|canoa|deporte|persona en un bote|persona remando|pescar|remando|remar
🚣‍♀	mujer remando en un bote|bote|bote a remo|bote de remo|canoa|deporte|mujer en un bote|mujer remando|pescar|remando|remar|remos
🚣‍♂	hombre remando en un bote|bote|bote a remo|bote de remo|canoa|deporte|hombre en un bote|hombre remando|pescar|remando|remar|remos
🚤	lancha|barco|bote|capitán|lancha motora|marinero|vehículo|yate
🚥	semáforo horizontal|luces|luz|semáforo|señales de tráfico|tráfico|tránsito
🚦	semáforo vertical|luces|luz|semáforo|señales de tráfico|tráfico|tránsito
🚧	señal de construcción|cartel|construcción|en construcción|peligro|señal|señal de obras
🚨	luz de patrullero|auto|coche de policía|emergencia|luces de policía|luz|patrullero|policía|sirena|transporte
🚩	bandera triangular|bandera|bandera de localización|bandera de localización triangular|bandera de ubicación|bandera informativa de localización|banderín|localización|triangular|ubicación
🚪	puerta|armario|closet|entrada
🚫	señal de prohibición|cancelar|entrar|fumar|no|pasar|prohibición|prohibido|señal|señal de no entrar
🚬	cigarrillo|cigarro|está permitido fumar|fumar|humo|permitido|señal|señal de fumar|tabaco
🚭	prohibido fumar|no fumar|señal|señal de no fumar
🚮	cartel cesto de basura|basura|papelera|señal|señal de basura|señal de usar papelera|tirar la basura en la papelera
🚯	prohibido tirar basura|basura|no tirar basura|prohibido|señal|señal de no tirar basura
🚰	agua potable|agua|grifo|potable|señal de agua potable
🚱	agua no potable|agua|no beber|no potable|seco
🚲	bicicleta|bici|ciclista|transporte|vehículo
🚳	no se permiten bicicletas|bicicleta|bicicletas|bicicletas no permitidas|prohibido|señal|vehículo
🚴	persona en bicicleta|andar|bicicleta|ciclista|deporte|deportes|en bicicleta|montar|pasear|persona
🚴‍♀	mujer en bicicleta|andar|bicicleta|ciclista|deporte|deportes|en bicicleta|montar|mujer|pasear
🚴‍♂	hombre en bicicleta|andar|bicicleta|ciclista|deporte|deportes|en bicicleta|hombre|montar|pasear
🚵	persona en bicicleta de montaña|bici|bicicleta|bicicleta de montaña|ciclismo de montaña|ciclista|ciclista de montaña|deporte|montando bicicleta|persona
🚵‍♀	mujer en bicicleta de montaña|bici|bicicleta|bicicleta de montaña|ciclismo de montaña|ciclista|ciclista de montaña|deporte|montando bicicleta|mujer
🚵‍♂	hombre en bicicleta de montaña|bici|bicicleta|bicicleta de montaña|ciclismo de montaña|ciclista|ciclista de montaña|deporte|hombre|montando bicicleta
🚶	persona caminando|andar|caminando|caminar|caminata|deambular|pasear|paseo|peatón|persona
🚶‍♀	mujer caminando|caminar|caminata|peaton
🚶‍♀‍➡	mujer caminando: hacia la derecha|caminar|caminata|derecha|hacia|la|mujer caminando|peaton
🚶‍♂	hombre caminando|andar|caminata|hombre|marcha
🚶‍♂‍➡	hombre caminando: hacia la derecha|andar|caminata|derecha|hacia|hombre|hombre caminando|la|marcha
🚶‍➡	persona caminando: hacia la derecha|andar|caminando|caminar|caminata|deambular|derecha|hacia|la|pasear|paseo|peatón|persona
🚷	prohibido el paso de peatones|peatón|peatones|prohibido|señal
🚸	cruce de niños|cruzando|cruzar|niños|señal
🚹	símbolo de hombre|aseo para hombres|aseos de caballeros|baño|chicos|señal|señal con un hombre|señal de hombre|servicio|wc
🚺	símbolo de mujer|aseos de señoras|baño|chicas|señal|señal con una mujer|señal de aseo para mujeres|señal de mujer|servicio|wc
🚻	señal de baño|aseos|bano|baño|público|señal|señal de aseos|servicios|wc
🚼	señal de bebé|bebé|bebé a bordo|bordo|cambiador|estación con cambiador de bebés|señal
🚽	inodoro|baño|poceta|váter|wc
🚾	servicios|aseos|baño|banos|señal|WC
🚿	ducha|agua|bañar|darse un baño|regadera
🛀	persona en la bañera|banarse|bañera|baño|persona|relax
🛁	bañera|banarse|baño|relax|tina
🛂	inspección de pasaportes|aduana|aeropuerto|control|control de pasaportes|pasaportes
🛃	aduana|aeropuerto|control de pasaporte|pasaporte
🛄	reclamo de equipaje|equipaje|maleta|recogida de equipajes
🛅	depósito de equipaje|consigna|depósito|equipaje|locker|señal|servicio de equipaje en depósito
🛋	sofá y lámpara|hotel|lámpara|sala de espera|sofá
🛌	persona durmiendo|a dormir|buenas noches|cama|cansancio|descansar|dormir|hotel|noche|persona|persona en la cama|siesta|zzz
🛍	bolsas de compras|bolsa|bolsas|compras|rebajas|regalo
🛎	campanilla de hotel|b&b|botones|campana|campanilla|hotel|motel|timbre|timbre de hotel
🛏	cama|dormir|hotel|litera
🛐	lugar de culto|culto|lugar|lugar de oración|oración|religión
🛑	señal de pare|alto|octágono|parada|pare|señal|señal de stop|stop
🛒	carrito de compras|abasto|carrito|carro|compra|compras|supermercado|tienda
🛕	templo hindú|hindú|hinduismo|templo
🛖	cabaña|casa|choza|hogar|refugio|yurta
🛗	ascensor|accesibilidad|elevador|montacargas
🛘	alud|alud de barro|avalancha|desastre|montaña|peligro|rocas|terremoto
🛜	wifi|computadora|conectividad|enrutador|inalámbrico|internet|red|teléfono inteligente|wlan
🛝	tobogán|deslizar|diversión|jugar|parque|plaza|resbaladilla|viajes y lugares
🛞	rueda|auto|carro|girar|llanta|neumático|rodar|vehículo|viajes y lugares
🛟	salvavidas|boya|flotador|inflable|nadar|rescate|salvar|seguridad|viajes y lugares
🛠	martillo y llave inglesa|herramienta|inglesa|llave|martillo
🛡	escudo|arma|protección
🛢	tambor de petróleo|barril|barril de petróleo|petróleo|tambor
🛣	autopista|autovía|carretera
🛤	vías|camino|ferrocarril|rieles|transporte|tren|vía|vía de tren
🛥	barco a motor|barco|bote|mar|marinero|motor|vehículo
🛩	avioneta|aire|avión|vehículo|viajar|viaje|volar
🛫	avión despegando|aeropuerto|avión|despegando|despegar|despegue|partida|salida|transporte|vacaciones|volar
🛬	avión aterrizando|aeropuerto|arribo|aterrizaje|aterrizar|avión|despegar|transporte
🛰	satélite|comunicación|espacio
🛳	barco de pasajeros|barco|capitán|mar|marinero|pasajeros|vehículo
🛴	monopatín|patín|patín del diablo|patinete|scooter
🛵	motoneta|escúter|moto|scooter|vespa
🛶	canoa|barca|barco|bote|piragua|remo
🛷	trineo|nieve
🛸	platillo volador|extraterrestre|objeto volador no identificado|ovni|platillo|platillo volante
🛹	skateboard|deporte|juego|monopatín|patinar|patineta|patinetero|skate|skater|tabla
🛺	mototaxi|bicitaxi|rickshaw|taxi|tuk tuk|vehículo
🛻	camioneta|auto|automóvil|carro|coche|medio de transporte|pickup|ranchera|transporte
🛼	patines|cordones|deporte|patín|patín de 4 ruedas|patín sobre ruedas|patinar|patines quad|rollers|skating
🟠	círculo naranja|anaranjado|círculo|naranja
🟡	círculo amarillo|amarillo|círculo
🟢	círculo verde|círculo|luz verde|verde
🟣	círculo morado|círculo|lila|morado|púrpura
🟤	círculo marrón|café|círculo|marrón
🟥	cuadrado rojo|cuadrado|cuadro|rojo
🟦	cuadrado azul|azul|cuadrado|cuadro
🟧	cuadrado naranja|anaranjado|cuadrado|cuadro|naranja
🟨	cuadrado amarillo|amarillo|cuadrado|cuadro
🟩	cuadrado verde|cuadrado|cuadro|verde
🟪	cuadrado morado|cuadrado|cuadro|lila|morado|púrpura
🟫	cuadrado marrón|cuadrado|cuadrado café|cuadro|marrón
🟰	signo igual grueso|igual|igualdad|iguales|matemáticas|respuesta|resultado|signo igual|símbolo
🤌	dedos juntos apuntando hacia arriba|cómo se te ocurre|dedos|dedos unidos|gesto|gesto italiano|sarcasmo
🤍	corazón blanco|blanco|corazón|emoción
🤎	corazón marrón|corazón|corazón café|emoción|marrón
🤏	mano pellizcando|chico|chiquito|dedos|pellizco|pequeño|pizca|poco|poquito
🤐	cara con la boca cerrada con cierre|boca|boca cerrada|callar|cara con cierre|cara con la boca cerrada|cierre|no digas nada|secreto|silencio
🤑	cara con lengua de dinero|billete|cara|cara con dinero|con dinero|dinero|lengua|millonario|pensando en dinero
🤒	cara con termómetro|calentura|cara|enfermedad|fiebre|termómetro
🤓	cara de nerd|anteojos|cara|estudioso|experto|geek|inteligente|lentes|listo
🤔	cara pensante|barbilla|cara pensativa|considerar|duda|hmm|pensar|ponderar|preguntarse|reflexionar
🤕	cara con la cabeza vendada|cabeza vendada|cara|cara con vendaje|descalabrado|descalabrar|dolor|enfermo|herida|lesión|vendaje
🤖	robot|cara|monstruo|r2d2|robotina
🤗	cara con manos abrazando|abrazo|cara|cara feliz|manos|sonrisa|sonrisa y abrazo
🤘	gesto de cuernos|buena onda|cool|cuernos|dedos|mano|mano haciendo los cuernos|mola|rock|roll
🤙	gesto de llamada|gesto|gesto de llamar|llamada|llamar|mano|mano haciendo el gesto de llamar|meñique|pulgar|rock
🤚	dorso de la mano|adiós|alto|chao|cinco|dedos|mano
🤛	puño a la izquierda|golpe|izquierda|puño|puño hacia la izquierda
🤜	puño a la derecha|derecha|puñetazo|punito|puño|puño hacia la derecha
🤝	apretón de manos|acuerdo|apretón|manos|reunión|saludar
🤞	dedos cruzados|changuitos|cruzar|dedos|desear suerte|mano|suerte
🤟	gesto de te quiero|amor|mano|rock|te amo|te quiero|tres dedos
🤠	cara con sombrero de vaquero|broma|bromista|cara|cara de vaquero|cowboy|feliz|sombrero|vaquero
🤡	cara de payaso|cara|divertido|payaso
🤢	cara de náuseas|asco|cara|cara verde|enfermedad|guácala|malestar|náuseas|vomitar|vómito
🤣	cara revolviéndose de la risa|cara|cara llorando de risa|carcajada|cómico|gracioso|jajajaja|jejejeje|llanto de felicidad|llanto de risa
🤤	cara babeando|baba|babas|babear|cara|cara que babea|delicioso|rico|saliva|suculento
🤥	cara de mentiroso|cara|cara de mentir|mentir|mentira|mentiroso|nariz|pinocho|Pinocho
🤦	persona con la mano en la frente|exasperación|facepalm|frente|incredulidad|no lo puedo creer|no otra vez|no puede ser|omg|persona
🤦‍♀	mujer con la mano en la frente|facepalm|incredulidad|mano en cara|mano en la frente|mujer|no lo puedo creer|no puede ser|omg
🤦‍♂	hombre con la mano en la frente|facepalm|hombre|mano en cara|mano en la frente|no lo puedo creer|no otra vez|no puede ser|omg
🤧	cara estornudando|alergia|cara|cara de estornudo|cara que estornuda|enfermedad|estornudar|estornudo|pañuelo|resfriado|resfrío
🤨	cara con ceja alzada|cara|cara subiendo la ceja|ceja arriba|ceño fruncido|confusión|desacuerdo|duda|fruncir el ceño|mmm|no entiendo
🤩	cara sonriendo con ojos de estrella|cara emocionada|cara sonriendo con estrellas|deslumbrante|emocionante|guau|impresionante|increíble|ojos con estrellas|super|wow
🤪	cara de loco|cara|cara chistosa|cara loca|loco|ojos|ojos desorbitados|ojos locos
🤫	cara pidiendo silencio|calla|cara con dedo sobre la boca|chitón|no digas nada|secreto|shh|silencio|sorpresa
🤬	cara con símbolos en la boca|cara|cara de enojo|cara enfadada|decir groserías|decir malas palabras|disgusto|enojo|insultos|malas palabras|palabrotas
🤭	cara con mano sobre la boca|ay perdón|cara|cara tapándose la boca|chanfle|huy|jijiji|lo siento|risa|ups|uy
🤮	cara vomitando|asco|cara|cara de náuseas|cara verde|guácala|malestar|náuseas|vomitando|vomitar|vómito
🤯	cabeza explotando|cara cabeza explotando|en shock|impresión|increíble|mi cabeza va a explotar|no es posible|no lo puedo creer|shock
🤰	mujer embarazada|barriga|embarazada|embarazo|futura madre|hinchada|hinchazón|inflada|llena|madre|mujer
🤱	lactancia materna|amamantar|bebé|dar pecho|pecho
🤲	palmas hacia arriba juntas|deseo|en oración|manos|oración|rezando|rezar|rezo
🤳	selfie|autofoto|cámara|foto|selfi|teléfono
🤴	príncipe|cara de príncipe|corona|cuento|cuento de hadas|fantasía|hombre|realeza
🤵	persona con esmoquin|esmoquin|pareja|persona
🤵‍♀	mujer con esmoquin|esmoquin|mujer
🤵‍♂	hombre con esmoquin|esmoquin|hombre
🤶	Mamá Noel|celebración|Claus|fiesta|Mamá Claus|Navidad|Noel|Sra. Claus
🤷	persona encogida de hombros|duda|encogerse|hombros|indiferencia
🤷‍♀	mujer encogida de hombros|duda|encogerse|hombros|indiferencia
🤷‍♂	hombre encogido de hombros|duda|encogerse|hombros|indiferencia
🤸	persona haciendo voltereta lateral|acrobacia|deporte|emoción|feliz|gimnasia|gimnasta|persona|pirueta|voltereta
🤸‍♀	mujer dando una voltereta lateral|acrobacia|deporte|emoción|feliz|gimnasia|gimnasta|mujer|mujer haciendo voltereta lateral|pirueta|voltereta
🤸‍♂	hombre dando una voltereta lateral|acrobacia|deporte|emoción|feliz|gimnasia|gimnasta|hombre|hombre haciendo voltereta lateral|pirueta|voltereta
🤹	persona haciendo malabares|circo|equilibrar|equilibrio|malabares|malabarismo|malabarista|multitareas|multitasking
🤹‍♀	mujer haciendo malabares|acto de circo|circo|equilibrio|hombre|malabares|malabarismo|malabarista|mujer
🤹‍♂	hombre haciendo malabares|acto de circo|circo|equilibrio|hombre|malabares|malabarismo|malabarista
🤺	esgrimista|esgrima|espada|persona haciendo esgrima
🤼	personas luchando|combate|deporte|lucha|lucha libre|luchar|pelea|persona|torneo de lucha
🤼‍♀	mujeres luchando|combate|deporte|lucha|lucha libre|luchar|mujeres|pelea|torneo de lucha
🤼‍♂	hombres luchando|combate|deporte|hombres|lucha|lucha libre|luchar|pelea|torneo de lucha
🤽	persona jugando al waterpolo|agua|deporte|deporte acuático|deportista|persona|persona jugando waterpolo|waterpolista|waterpolo
🤽‍♀	mujer jugando al waterpolo|agua|deporte|mujer|nadar|persona|persona jugando waterpolo|polo acuatico|water polo|waterpolista|waterpolo
🤽‍♂	hombre jugando al waterpolo|agua|deporte|deportes|hombre|hombre jugando waterpolo|persona|polo acuatico|water polo|waterpolista|waterpolo
🤾	handball|atlético|balón|balonmano|deporte|lanzamiento|mano|pelota|persona|persona jugando handball|tiro
🤾‍♀	mujer jugando handball|atlética|balón|deporte|handball|lanzamiento|mujer|pelota|persona|tiro
🤾‍♂	hombre jugando handball|balonmano|deporte|hombre
🤿	máscara de buceo|bucear|buzo|deporte|esnórquel|snorkeling|tubo
🥀	flor marchita|flor|marchita|marchitarse|naturaleza|triste|tristeza
🥁	tambor|banda|baquetas|música|palitos
🥂	copas brindando|bebida|brindar|brindis|celebración|copa
🥃	vaso de whisky|alcohol|chupito|copa|licor|trago|vaso|vaso pequeño|whisky
🥄	cuchara|cubierto|cubiertos|cucharilla|cucharita|sopa
🥅	portería|arco|deporte|futbol|red
🥇	medalla de primer lugar|ganador|medalla|medalla de oro|oro|primero
🥈	medalla de segundo lugar|medalla|medalla de plata|plata|segundo
🥉	medalla de tercer lugar|bronce|medalla|medalla de bronce|tercero
🥊	guante de boxeo|boxeo|deporte|golpear|guante|rojo
🥋	uniforme de artes marciales|artes marciales|deporte|judo|karate|kárate|taekwondo|uniforme|yudo
🥌	piedra de curling|curlin|curling|piedra
🥍	lacrosse|deportes|gol|juego|palo|pelota
🥎	pelota de softball|bola|deporte|deportes|guante|pelota|sófbol|softball|softbol|sóftbol
🥏	disco volador|disco|frisbee|frisbi|plato volador|ultimate
🥐	croissant|bollo|cachito|comida|cruasán|desayuno|francés|medialuna
🥑	aguacate|comida|fruta|guacamole|palta
🥒	pepino|comida|ensalada|pepinillo|vegetal|vegetales|verdura
🥓	tocino|carne|cerdo|comida|panceta|tocineta
🥔	papa|comida|patata|vegetal|verdura
🥕	zanahoria|comida|vegetal|verdura
🥖	baguette|baguete|barra|comida|desayuno|francés|pan
🥗	ensalada|bol|comida|vegetales|verde|verduras
🥘	paella|arroz|comida|españa|gambas|marisco|paellera|receta|sartén|valencia
🥙	pan relleno|comida|durum|falafel|kebab|pan de pita
🥚	huevo|comida|gallina|gallo
🥛	vaso de leche|bebida|leche|vaso
🥜	maní|cacahuete|cacahuetes|comida|elefante|fruto seco|mani|vegetal|verdura
🥝	kiwi|comida|desayuno|fruta
🥞	hotcakes|comida|crepe|desayuno|dulce|panquecas|panqueques|postre|tortita|tortitas
🥟	dumpling|comida|gyōza|jiaozi|masa
🥠	galleta de la fortuna|comida|galleta de la suerte|galletita
🥡	caja para llevar|comida|comida a domicilio|comida para llevar|palillos|palillos chinos
🥢	palillos|cubiertos|hashi
🥣	cuenco con cuchara|avena|bol|cereal|cuenco|desayuno|plato|plato hondo|plato hondo con cuchara|sopa|tazón|tazón con cuchara
🥤	vaso con pajita|agua|beber|bebida|gaseosa|popote|refresco|soda|sorbete
🥥	coco|fruta|piña colada
🥦	brócoli|comida
🥧	pastel|comida|pay|pie|pie de calabaza|pie de frutos|pie de limon|pie de manzana|tarta
🥨	bretzel|comida|galleta|pretzel
🥩	corte de carne|bife|carne|carne roja|chuleta de cerdo|chuleta de cordero|chuleta de puerco|comida|filete|steak
🥪	sándwich|comida|emparedado|pan|sanduche|sandwich
🥫	comida enlatada|bote|comida|conserva|enlatado|enlatados|envase|lata
🥬	verdura de hoja verde|col|col china|col rizada|ensalada|hoja verde|kale|lechuga|pak choy|vegetal|verdura
🥭	mango|comida|fruta|tropical
🥮	pastel de luna|dulce|festival|otoño|postre
🥯	bagel|comida|desayuno|pan|panadería|rosca
🥰	cara sonriendo con corazones|amor|cara feliz con 3 corazones|corazones|enamorada|enamorado|me encanta|romance|sonrisa y corazones|te amo
🥱	cara bostezando|a dormir|aburrido|bostezando|bostezar|bostezo|buenas noches|cara de bostezo|siesta|sueño|zzz
🥲	cara sonriente con lágrima|agradecido|aliviado|emocionado|emocionante|feliz|lágrima|orgulloso|sonriente|sonrisa
🥳	cara de fiesta|alegría|bonete|cara|celebración|celebrar|emoción|fiesta|viva|yupi
🥴	cara de grogui|abuso de sustancias|alcohol|borracha|borracho|drogas|ebriedad|mareo|pasada de tragos|pasado de tragos|tomada
🥵	cara con calor|apuros|bochorno|calor|cara|febril|golpe de calor|jadeando|sofoco|sudando|sudor
🥶	cara con frío|bajo cero|cara|congelación|congelada|congelado|congelarse|frío|helada|nieve|tengo frío
🥷	ninja|guerrero|hábil|luchador|oculto|secreto|sigilo|silencioso|soldado
🥸	cara disfrazada|anteojos|bigote|cara|careta|disfraz|espía|gafas|incógnito|lentes|nariz
🥹	cara aguantándose las lágrimas|agradecimiento|cara emocionada|emoción|emoticones y emociones|lágrimas de alegría|orgullo|sentimientos|ternura|tristeza|vergüenza
🥺	cara suplicante|cara de ruego|ojos de cachorro|ojos grandes|ojos llorosos|piedad|por favor|rogar|ruego|triste
🥻	sari|India|prenda|ropa|vestido
🥼	bata de laboratorio|científico|doctor|experimento|médico
🥽	gafas de protección|bucear|gafas|lentes|nadar|natación|protección|protector de ojos|snorkel|snorkeling|soldar|visor
🥾	bota de senderismo|acampada|bota|bota de camping|campamento|camping|excursión|excursionismo|senderismo
🥿	bailarina|bailarinas|ballet|chatitas|chinitas|pantuflas|toreritas|zapato plano|zapatos cómodos
🦀	cangrejo|animal|cáncer|mar|zodiaco
🦁	león|animal|cara|cara de león|felino|leo|zodiaco
🦂	escorpión|alacran|arácnido|escorpio|horoscopo|zodiaco
🦃	pavo|acción de gracias|animal|ave
🦄	unicornio|animal|cara|fantasía|rosado
🦅	águila|animal|ave
🦆	pato|animal|ave
🦇	murciélago|animal|vampiro
🦈	tiburón|animal|mar|marino|oceano|pez
🦉	búho|animal|ave|lechuza|noche
🦊	zorro|animal|cara|cara de zorro
🦋	mariposa|azul|bonita|bonito|insecto
🦌	ciervo|animal|venado
🦍	gorila|animal|king kong|primate|simio|zoo
🦎	lagartija|animal|lagarto|reptil
🦏	rinoceronte|animal|cabeza|paquidermo|zoológico
🦐	camarón|comida|gamba|langostino|mar|marisco|oceano|paella
🦑	calamar|comida|mar|molusco|oceano
🦒	jirafa|animal|manchas
🦓	cebra|animal|zebra
🦔	erizo|animal
🦕	saurópodo|animal|brontosaurio|brontosaurus|dinosaurio|jurasico|jurassic park|parque jurasico
🦖	t-rex|animal|dinosaurio|jurasico|jurassic park|parque jurasico|tiranosaurio|tiranosaurio rex|trex|tyrannosaurus rex
🦗	grillo|bicho|chapul|chapulín|insecto|ortóptero|saltamontes
🦘	canguro|animal|Australia|brincar|marsupial|saltar|saltarín
🦙	llama|alpaca|guanaco|lana|vicuña
🦚	pavo real|animal|ave|bello|colorida|colorido|linda ave|lindo pájaro|majestuoso|orgulloso|ostentoso|pájaro|pavo|plumas|vanidoso
🦛	hipopótamo|animal|paquidermo|zoológico
🦜	loro|animal|ave|cotorra|guacamaya|hablar|pájaro|pirata
🦝	mapache|animal|astuta|astuto|curiosa|curioso
🦞	langosta|animal|crustáceo|mar|mariscos|pinzas|playa|tenazas
🦟	mosquito|animal|enfermedad|fiebre|insecto|malaria|picada|virus|zancudo
🦠	microbio|ameba|bacteria|ciencias|microorganismo|virus
🦡	tejón|ratel|tejón de la miel|tejón melero
🦢	cisne|animal|ave|ballet|patito feo
🦣	mamut|animal|colmillo|lanudo
🦤	dodo|animal|ave|dronte|pájaro|pico
🦥	perezoso|gandul|holgazán|lento|pereza|vago
🦦	nutria|animal|bromista|juguetón|pesca
🦧	orangután|animal|mono|primate|simio
🦨	mofeta|animal|apestar|hedor|mal olor|peste|tufo|zorrillo|zorrino
🦩	flamenco|animal|ave|extravangante|ostentoso|pájaro|tropical
🦪	ostra|almeja|buceo|concha|ostión|perla
🦫	castor|animal|dientes|roedor
🦬	bisonte|animal|cíbolo
🦭	foca|animal|fauna|león marino|lobo marino|mar|océano
🦮	perro guía|accesibilidad|animal|ciego|discapacidad visual|guía|invidente|lazarillo
🦯	bastón|accesibilidad|ceguera|ciega|ciego|discapacidad visual|invidente
🦰	pelo pelirrojo|pelirrojo|pelo|rojizo|rojo
🦱	pelo rizado|afro|bucle|rizado|rizo|tirabuzón
🦲	sin pelo|afeitado|bola de billar|calvo|quimioterapia
🦳	pelo blanco|blanco|cana|gris|pelo|viejo
🦴	hueso|esqueleto|hueso de la suerte|huesos|perro
🦵	pierna|extremidad|patada|pie|pierna doblada|pierna flexionada|rodilla
🦶	pie|patada|pies|pisada|pisado|pisar|pisón|pisotón|tobillo
🦷	diente|dentadura|dentista|dientes|muela|muelas|odontólogo|perlas
🦸	personaje de superhéroe|bien|héroe|heroína|superhéroe|superheroína|superpoder
🦸‍♀	superheroína|bondad|héroe|heroína|mujer|superhéroe|superpoder
🦸‍♂	superhéroe|bueno|héroe|hombre|superhombre|superpoder
🦹	personaje de supervillano|mal|superpoder|supervillana|supervillano|villana|villano
🦹‍♀	supervillana|mal|malvada|mujer|villana
🦹‍♂	supervillano|hombre|mal|malvado|villano
🦺	chaleco de seguridad|chaleco|emergencia|ropa|seguridad
🦻	oreja con audífono|accesibilidad|aparato auditivo|aparato para la sordera|audífono|auricular|prótesis auditiva|sordera
🦼	silla de ruedas eléctrica|accesibilidad|persona con discapacidad|silla de ruedas
🦽	silla de ruedas manual|accesibilidad|personas con discapacidad|silla de ruedas
🦾	brazo mecánico|accesibilidad|ortopedia|prótesis
🦿	pierna mecánica|accesibilidad|ortopedia|prótesis
🧀	queso|cuña|cuña de queso|raton|roedor|trozo
🧁	magdalena|chispas de colores|cubilete|cupcake|dulce|indulgencia|panadería|pastelería|pastelillo|postre
🧂	sal|condimento|sabor|salada|salado|salero|sazón
🧃	tetrabrik|bebida|brick|cartón|envase|jugo|zumo
🧄	ajo|condimento|vampiro
🧅	cebolla|condimento|llorar
🧆	falafel|albóndiga|albóndigas|bolas de garbanzo|comida|garbanzo
🧇	gofre|comida|desayuno|waffle
🧈	mantequilla|comida|lácteo|margarina
🧉	mate|bebida|infusión|té|yerba
🧊	cubito de hielo|cubo de hielo|frío|hielo
🧋	té de burbujas|bebida|burbuja|comida|leche|perla|taiwán|té
🧌	trol|cuento de hadas|fantasía|gigante|monstruo|monstruo verde
🧍	persona de pie|de pie|levantada|levantado|levantarse|parada|parado|pararse
🧍‍♀	mujer de pie|de pie|levantada|levantarse|mujer
🧍‍♂	hombre de pie|de pie|hombre|levantado|levantarse
🧎	persona de rodillas|arrodillada|arrodillado|arrodillarse|de rodillas
🧎‍♀	mujer de rodillas|arrodillada|arrodillarse|de rodillas|mujer
🧎‍♀‍➡	mujer de rodillas: hacia la derecha|arrodillada|arrodillarse|de rodillas|derecha|hacia|la|mujer|mujer de rodillas
🧎‍♂	hombre de rodillas|arrodillado|arrodillarse|de rodillas|hombre
🧎‍♂‍➡	hombre de rodillas: hacia la derecha|arrodillado|arrodillarse|de rodillas|derecha|hacia|hombre|hombre de rodillas|la
🧎‍➡	persona de rodillas: hacia la derecha|arrodillada|arrodillado|arrodillarse|de rodillas|derecha|hacia|la|persona de rodillas
🧏	persona sorda|accesibilidad|escuchar|lenguaje de señas|oído|oír|señas|sordera
🧏‍♀	mujer sorda|accesibilidad|escuchar|lenguaje de señas|oído|oír|señas|sorda|sordera
🧏‍♂	hombre sordo|accesibilidad|escuchar|lenguaje de señas|oído|oír|señas|sordera|sordo
🧐	cara con monóculo|aristócrata|cara|cara con lente|echar un ojo|elegante|lente|luneta circular|revisar
🧑	persona adulta|género neutro
🧑‍⚕	profesional sanitario|doctor|enfermero|médico|salud|terapeuta
🧑‍⚖	fiscal|juez|juicio|magistrado
🧑‍✈	piloto|avión|capitán|vuelo
🧑‍🌾	profesional de la agricultura|agricultor|cultivador|granjero|jardinero|labrador
🧑‍🍳	chef|cocinero|cocinillas|guisandero|pinche
🧑‍🍼	persona alimentando a bebé|alimentar|amamantar|bebé|lactancia|persona
🧑‍🎄	papá noel|Claus|feliz Navidad|fiestas|fiestas de Navidad|gorro de Navidad|Navidad|Noel|Santa
🧑‍🎓	estudiante|graduado|licenciado|universitario
🧑‍🎤	cantante|artista|estrella|rock
🧑‍🎨	artista|paleta|pintor|pinturas
🧑‍🏫	docente|educador|enseñanza|instructor|maestro|profesor
🧑‍🏭	profesional industrial|fábrica|montaje|obrero|operario|trabajador
🧑‍💻	profesional de la tecnología|desarrollador|informático|programador|software|tecnólogo
🧑‍💼	oficinista|arquitecto|director|ejecutivo|empresa
🧑‍🔧	profesional de la mecánica|electricista|fontanero|mecánico|operario|técnico
🧑‍🔬	profesional de la ciencia|biólogo|científico|físico|investigador|químico
🧑‍🚀	astronauta|cohete|espacio
🧑‍🚒	bombero|camión|manguera
🧑‍🤝‍🧑	dos personas de la mano|de la mano|dos personas dándose la mano|mano|pareja|persona|personas que se toman de la mano|tomar la mano
🧑‍🦯	persona con bastón|accesibilidad|ciego|invidente
🧑‍🦯‍➡	persona con bastón: hacia la derecha|accesibilidad|ciego|derecha|hacia|invidente|la|persona con bastón
🧑‍🦰	persona adulta: pelo pelirrojo|género neutro|pelo pelirrojo|persona adulta
🧑‍🦱	persona adulta: pelo rizado|género neutro|pelo rizado|persona adulta
🧑‍🦲	persona adulta: sin pelo|género neutro|persona adulta|sin pelo
🧑‍🦳	persona adulta: pelo blanco|género neutro|pelo blanco|persona adulta
🧑‍🦼	persona en silla de ruedas eléctrica|accesibilidad|silla de ruedas
🧑‍🦼‍➡	persona en silla de ruedas eléctrica: hacia la derecha|accesibilidad|derecha|hacia|la|persona en silla de ruedas eléctrica|silla de ruedas
🧑‍🦽	persona en silla de ruedas manual|accesibilidad|silla de ruedas
🧑‍🦽‍➡	persona en silla de ruedas manual: hacia la derecha|accesibilidad|derecha|hacia|la|persona en silla de ruedas manual|silla de ruedas
🧑‍🧑‍🧒	familia: adulto, adulto, niño|adulto|familia|niño
🧑‍🧑‍🧒‍🧒	familia: adulto, adulto, niño, niño|adulto|familia|niño
🧑‍🧒	familia: adulto, niño|adulto|familia|niño
🧑‍🧒‍🧒	familia: adulto, niño, niño|adulto|familia|niño
🧑‍🩰	bailarina de ballet|bailarina|ballet
🧒	infante|joven|menor|neutral|niñez|persona
🧓	adulto mayor|adulto|género neutro|género no especificado|maduro|mayor|persona mayor
🧔	persona con barba|barba|barba completa|barba con bigote|persona|persona: barba
🧔‍♀	mujer: barba|barba|mujer
🧔‍♂	hombre: barba|barba|hombre
🧕	mujer con hiyab|hiyab|mantilla|mujer con pañuelo en la cabeza|pañoleta|pañuelo|pañuelo en la cabeza
🧖	persona en una sauna|baño de vapor|cuarto de vapor|persona|persona en sauna|relajación|relax|sauna|spa
🧖‍♀	mujer en una sauna|sauna|vapor
🧖‍♂	hombre en una sauna|sauna|vapor
🧗	persona escalando|deporte|escalada|escalando|escalar|montana|montaña|rapel
🧗‍♀	mujer escalando|alpinista|escaladora
🧗‍♂	hombre escalando|alpinista|escalador
🧘	persona en posición de loto|calma|deporte|meditación|posición de loto|relajar|relax|serenidad|yoga
🧘‍♀	mujer en posición de loto|meditación|yoga
🧘‍♂	hombre en posición de loto|meditación|yoga
🧙	persona maga|bruja|brujo|fantasía|hechicera|hechicero|hechizo|juego de rol|magia|sabiduría
🧙‍♀	maga|bruja|hechicera
🧙‍♂	mago|brujo|hechicero
🧚	hada|alas|campanilla|hada madrina|maga|ninfa|titania
🧚‍♀	hada mujer|campanilla|hada|titania
🧚‍♂	hada hombre|hada|oberón|puck
🧛	vampiro|colmillos|Drácula|halloween|miedo|sangre|susto|vampir
🧛‍♀	vampiresa|muerta viviente|no muerta
🧛‍♂	vampiro hombre|drácula|muerto viviente|no muerto
🧜	persona sirena|bajo el mar|cuento|cuento de hadas|fantasía|mar|sirena|sireno|tridente|tritón
🧜‍♀	sirena
🧜‍♂	sireno|sirena|sirena hombre|tritón
🧝	elfo|duende|encanto|fantasía|folclore|legolas|magia|mágico|místico
🧝‍♀	elfa|mágico|mujer
🧝‍♂	elfo hombre|elfo|mágico
🧞	genio|deseos|frotar la lámpara|lámpara|magia|pedir deseos
🧞‍♀	genio mujer|genio|lámpara
🧞‍♂	genio hombre|djinn|genio|lámpara
🧟	zombi|halloween|miedo|muerto viviente|terror|walking dead
🧟‍♀	zombi mujer|caminante|muerta viviente|no muerta
🧟‍♂	zombi hombre|caminante|muerto viviente|no muerto
🧠	cerebro|inteligencia|inteligente|seso|sesos
🧡	corazón naranja|anaranjado|corazón|naranja|tomate
🧢	gorra con visera|cachucha|gorra|gorra de beisbol|gorro|sombrero
🧣	bufanda|abrígate|chalina|cubrecuello|cuello|foulard|frío|fular|pañuelo|pashmina
🧤	guantes|mitón
🧥	abrigo|campera|chamarra|chaqueta|chaquetón|chompa|frío
🧦	calcetines|calceta|calcetón|media|medias|tines
🧧	sobre rojo|buena suerte|China|dinero|hongbao|lai see|obsequio|regalo|suerte
🧨	petardo|boom|chispa|dinamita|explosión|explosivo|fuego|fuegos artificiales|juegos pirotécnicos|luz|pirotecnia|pirotécnicos
🧩	pieza de rompecabezas|conectar|juego|pasatiempo|pieza|pista|puzle|puzzle|rompecabezas
🧪	tubo de ensayo|ciencias|experimento|laboratorio|química|químico|sustancia
🧫	placa de petri|bacteria|bióloga|biólogo|cultivo|laboratorio
🧬	adn|bióloga|biólogo|evolución|gen|genes|genética|vida
🧭	brújula|compás|dirección|magnético|magnetismo|navegación|orientación|punto cardinal
🧮	ábaco|calculadora|cálculo|cálculos|contador|contar|numerador|tabla|tablero
🧯	extintor|apagar|extinguidor|extintor de incendios|fuego|incendio
🧰	caja de herramientas|caja|cajón|herramientas|mecánico
🧱	ladrillo|arcilla|argamasa|ladrillos|mortero|muro|pared
🧲	imán|atracción|forma de u|herradura|magnético|polos|positivo y negativo
🧳	equipaje|empacar|maleta|valija|viajar|viaje
🧴	bote de crema|acondicionador|bloqueador|champú|crema|frasco de loción|humectante|loción|protector solar
🧵	hilo|aguja|bordar|carrete|coser|cuerda|hilar|tejer
🧶	ovillo|bola|bola de estambre|bordar|crochet|estambre|ganchillo|gato|hilo|pelota|tejer|tejido
🧷	imperdible|alfiler|alfiler de gancho|alfiler de seguridad|gacilla|ganchito|gancho nodriza
🧸	osito de peluche|felpudo|juguete|osito|oso|peluche
🧹	escoba|barrer|bruja|limpiar
🧺	cesta|agricultura|canasta|cultivo|lavar ropa|picnic
🧻	rollo de papel|baño|confort|papel de baño|papel higiénico|papel sanitario|papel toilette|toallas de papel
🧼	jabón|bañar|baño|ducha|ducharse|dúchate|espuma|limpiar
🧽	esponja|absorbente|empapado|empapar|escurrir|lavar|limpiar|limpieza|porosa|poroso
🧾	recibo|contabilidad|contador|contaduría|cuenta|escritura|evidencia|factura|prueba|registro
🧿	ojo turco|amuleto|azul|cuenta|mal de ojo|nazar|piedra del mal de ojo|talismán
🩰	zapatillas de ballet|bailar|baile|ballet|danza|zapatillas
🩱	traje de baño de una pieza|bañador|traje de baño
🩲	ropa interior|bañador|bragas|braguitas|calzoncillos|panties|traje de baño
🩳	pantalones cortos|bañador|bermudas|shorts|traje de baño
🩴	chancla|calzado|chancla de dedo|chancleta|chinela|comodidad|ojota|sandalia|verano|zapato
🩵	corazón celeste|amor|azulado|celeste|cian|cielo|corazón|emoción|especial|ternura
🩶	corazón gris|amor|corazón|emoción|especial|gris|metalizado|plateado
🩷	corazón rosa|adorable|amor|corazón|dulce|emoción|especial|rosa|ternura|tierno
🩸	gota de sangre|donación de sangre|donar sangre|gota roja|herida|medicina|menstruación|sangrar|sangre
🩹	tirita|apósito|curita|herida|primeros auxilios
🩺	estetoscopio|doctor|latido|medicina|médico
🩻	radiografía|doctor|doctora|esqueleto|huesos|médico|rayos
🩼	muleta|ayuda|ayuda movilidad|discapacidad|lesión|objeto|palo|pierna coja|rengo
🪀	yoyó|fluctuar|juguete|yoyo
🪁	cometa|juguete|papalote|viento|volar|vuela
🪂	paracaídas|paracaidismo|parapente|volar
🪃	bumerán|Australia|boomerang|búmeran|indígena|juego|lanzar
🪄	varita mágica|abracadabra|hechicera|hechicero|maga|magia|mago|prestidigitación|truco de magia|varita
🪅	piñata|caramelos|celebración|color|diversión|dulces|festejo|fiesta|golosinas|sorpresa
🪆	muñeca rusa|babushka|mamushka|matrioshka|matrioska|recuerdo|rusia|souvenir
🪇	maracas|baile|cha cha|coctelera|fiesta|instrumento|matraca|música|percusión
🪈	flauta|banda|flautín|grabador|instrumento de viento|música|orquesta|pífano
🪉	arpa|amor|angelical|cuerdas|cupido|instrumento|música|orquesta
🪊	trombón|instrumento|jazz|movimiento de la vara|música|triste|viento-metal
🪎	cofre del tesoro|botín|dinero|gemas|joyas|objetos de valor|oro|plata|premio|riqueza
🪏	pala|agujero|cavar|enterrar|excavar|jardín|nieve|palear|plantar
🪐	planeta con anillos|planeta|saturnino|saturno
🪑	silla|asiento|sentarse
🪒	cuchilla de afeitar|afeitado|afeitar|rastrillo|rasurar
🪓	hacha|cortar|dividir|hachuela|leña|madera|talar
🪔	lámpara de aceite|aceite|diya|diyo|lámpara
🪕	banjo|banyo|cuerda|instrumento|música
🪖	casco militar|bélico|casco|ejército|guerra|guerrero|protección|soldado
🪗	acordeón|bandoneón|concertina|fuelle|instrumento musical|música|musical|teclado|viento
🪘	tamboril|conga|instrumento|instrumento musical|música|percursión|ritmo|sonido|tambor|yembé
🪙	moneda|dinero|dólar|euro|metal|oro|plata|riqueza|tesoro
🪚	sierra de carpintería|carpintería|carpintero|cortar|herramienta|serrucho|sierra|talar
🪛	destornillador|arreglar|atornillador|herramienta|plano|tornillo
🪜	escalera|bajar|escalar|escalerilla|escalón|peldaño|subir
🪝	gancho|agarrar|anzuelo|atrapar|garfio|pescar
🪞	espejo|marco|mirarse|reflector|reflejar|reflejo
🪟	ventana|abertura|apertura|cristal|cuadrado|marco|transparente|vista
🪠	desatascador|baño|destapacaños|fontanería|fontanero|herramienta|retrete|servicio|succión
🪡	aguja de coser|aguja|bordado|coser|costura|hilar|hilo|punto|tejer
🪢	nudo|amarrar|anudar|atar|cuerda|enredar|nudo marinero|ocho|trenzar
🪣	cubo|balde|barreño|cuba|cubeta
🪤	trampa de ratones|cebo|cepo|queso|rata|ratón|ratonera|trampa|trampa para ratas|trampa para ratones
🪥	cepillo de dientes|aseo|cepillo|cuidado dental|cuidado oral|dental|higiene|limpio
🪦	lápida|cementerio|DEP|esquela|muerte|QEPD|RIP|tumba
🪧	letrero|anuncio|atención|aviso|cartel|pancarta|poste
🪨	piedra|duro|pedrusco|peña|peñasco|roca|sólido
🪩	bola de espejos|actividades|bailar|bola|disco|diversión|espejo|fiesta
🪪	identificación|carné|carné de conducir|carné de identidad|credencial|documento|ID|licencia|objeto|tarjeta
🪫	batería baja|batería|batería agotada|cansada|cansado|cansancio|energía baja|objeto|pila
🪬	hamsa|actividades|fortuna|jamsa|mano|mano azul|mano con ojo|palma|protección
🪭	abanico abierto|aleteo|aplauso|bailar|calor|coquetear|refrescar|refrigeración|timidez|ventilador
🪮	peineta|afro|cabello|cepillar|peine|recoger
🪯	khanda|Deg|Fateh|fe|Khalsa|Khanda|religión|sijismo|Tegh
🪰	mosca|animal|bicho|insecto|plaga|volar
🪱	gusano|animal|invertebrado|lombriz|lombriz de tierra|parásito
🪲	escarabajo|animal|bicho|coleóptero|verde
🪳	cucaracha|alimaña|animal|bicho|insecto|plaga
🪴	planta de maceta|crecer|decoración|decorar|fotosíntesis|maceta|planta|tiesto|verde
🪵	madera|bosque|hoguera|leña|madero|palos|tronco
🪶	pluma|ave|ligero|pájaro|plumaje
🪷	loto|animales y naturaleza|budismo|calma|flor|flor de loto|hinduismo|lotus|paz|pureza|serenidad|tranquilidad
🪸	coral|animales y naturaleza|arrecife|cambio climático|mar|planta
🪹	nido vacío|anidamiento|anidar|animales y naturaleza|hogar|nido|rama
🪺	nido con huevos|anidamiento|anidar|animales y naturaleza|ave|huevos|nido|pájaro|rama
🪻	jacinto|arbusto|florecer|índigo|lavanda|morado|planta|primavera|violeta
🪼	medusa|acuario|jalea|mar|océano|plancton|tentáculos
🪽	ala|angelical|ascender|aviación|celestial|mitología|volar
🪾	árbol sin hojas|árbol|invierno|madera|muerto|ramas secas|sequía|sin hojas|tronco|yermo
🪿	ganso|animal|ave|manada|oca|pato|rebaño|tonto
🫀	corazón humano|anatómico|cardiología|corazón real|latido|latir|órgano|órgano cardíaco|pulso
🫁	pulmones|aliento|cuerpo humano|exhalación|exhalar|inhalación|inhalar|órgano|respiración|respirar
🫂	personas abrazándose|abrazarse|abrazo|adiós|amistad|amor|despedida|gracias|reencuentro|saludo
🫃	hombre embarazado|barriga|embarazado|hinchado|hinchazón|inflado|lleno
🫄	persona embarazada|barriga|embarazo|gestación|hinchazón
🫅	persona con corona|corona|monarca|monarquía|nobleza|real|realeza
🫆	huella dactilar|delito|detective|forense|huella|huella digital|identidad|misterio|rastro|seguridad
🫈	criatura peluda|bosque|críptido|gigante|hombre de las nieves|peludo|pie grande|yeti
🫍	orca|ballena|mamífero marino
🫎	alce|animal|asta|ciervo canadiense|cuernos|mamífero|uapití
🫏	burro|animal|asno|borrico|mamífero|mula|terco
🫐	arándanos|arándano|azul|baya|comida|fruta|frutos|frutos del bosque|frutos rojos
🫑	pimiento|ají|chile|comida|pimiento morrón|verde|verdura
🫒	aceituna|aceite de oliva|aperitivo|comida|oliva|olivo|snack
🫓	pan sin levadura|aperitivo|arepa|comida|pan|pan plano|pita|tortilla
🫔	tamal|comida|mexicana
🫕	fondue|chocolate|cocinar|comida|fuego|olla|queso|suizo
🫖	tetera|bebida|comida|desayuno|hora del té|infusión|juego de té|merienda|pava|té
🫗	líquido que se vierte|bebida|derramar|líquido derramándose|vacío|vaso|verter
🫘	frijoles|alubias|comida|habichuela roja|habichuelas|judías|legumbre|porotos
🫙	jarra|almacenar|condimento|frasco|recipiente|salsa|tarro|vacío
🫚	raíz de jengibre|cerveza|especia|hierba|jengibre|natural|raíz|salud
🫛	vaina|edamame|guisante|judía|legumbre|porotos|soja|vegetal
🫜	tubérculo|cocina vegetariana|comida|ensalada|huerto|nabo|rábano|raíz|remolacha|vegetales|verdura
🫟	salpicadura|derrame|goteo|holi|Krishna|lío|líquido|mancha|pintura|tinta
🫠	cara derritiéndose|calor|cara avergonzada|cara que se derrite|derretirse|desaparecer|emoticones y emociones|sarcasmo|sarcástico|sonrisa|vergüenza
🫡	cara saludando|buena suerte|ejército|emoticones y emociones|ok|orden|respeto|saludo|sí|sí señor|sí señora
🫢	cara con ojos abiertos y boca tapada|asombro|cállate|cara con los ojos abiertos y la mano sobre la boca|discreto|no lo puedo creer|omg|secreto|shock|sorpresa|vergüenza
🫣	cara tapada con ojo espiando|cara escondida|cara sonrojada|cara tapada|emoticones y emociones|espiando|espiar|mirar|temor|vergüenza
🫤	cara con boca diagonal|cara confundida|como sea|confusión|decepción|emoticones y emociones|en duda|frustración|inseguro|no entiendo|sin expresión
🫥	cara con línea de puntos|cara escondida|como sea|depresión|emoticones y emociones|introvertido|invisible|sin expresión
🫦	labio mordido|ansiedad|beso|coqueteo|labio|lápiz labial|morder|nervios|personas y cuerpos|preocupación|sexi
🫧	burbujas|bajo el agua|baño|burbuja|espuma|flotar|jabón|objeto|perla
🫨	cara que vibra|aturdimiento|cara|locura|mareo|pánico|shock|sorpresa|temblando|terremoto
🫩	cara con ojeras|agotamiento|cansado|cansancio|cara|cara cansada|dormí mal|falta de sueño|no dormí|sueño
🫪	cara de susto|ansiedad|pánico|shock|sorpresa|susto|vulnerabilidad
🫯	nube de pelea|bronca|debate|desacuerdo|forcejeo|gresca|pelea|trifulca
🫰	mano con dedo índice y pulgar cruzados|amor|caro|chasquido|corazón|dinero|gasto|mano|personas y cuerpos
🫱	mano hacia la derecha|apretón de manos|dar la mano|mano|mano derecha|sacudir|sacudón de manos|sostener
🫲	mano hacia la izquierda|apretón de manos|dar la mano|mano|mano izquierda|sacudir|sacudón de manos|sostener
🫳	mano con la palma hacia abajo|dejar caer|descartar|levantar|mano|tirar
🫴	mano con la palma hacia arriba|acércate|dame|ofrecer|trae|ven
🫵	dedo índice apuntándote a ti|apuntar|dedo|dirigir|mano|personas y cuerpos|pinchar|señalar|tú
🫶	corazón con las manos|amor|corazón|manos|manos formando un corazón|te amo
🫷	mano empujando hacia la izquierda|a la izquierda|choca esos cinco|detener|empujar|rechazar|stop
🫸	mano empujando hacia la derecha|a la derecha|choca esos cinco|detener|empujar|rechazar|stop
